number,Lbar_ID,L_Affy_ID,ID_Seq,Barcode_Combi
201,LbarID_0201,Afy16K_ID2000,CGTATTATATGCAAGGTCGC,123411
202,LbarID_0202,Afy16K_ID2002,GACTGTAGAGAGACGATCCA,213411
203,LbarID_0203,Afy16K_ID2003,GACTTACACTTACGTCCGAA,343321
204,LbarID_0204,Afy16K_ID2009,GTAGCGACATTGAGTTAGCA,433321
205,LbarID_0205,Afy16K_ID2018,TAGTCGTGAGATAGCGATTC,132411
206,LbarID_0206,Afy16K_ID2022,TCTGTCGTACTGCTATCAGG,242411
207,LbarID_0207,Afy16K_ID2028,AAGTTCGCAAACGTGTAGAC,312411
208,LbarID_0208,Afy16K_ID2031,ACGTCTGAACACTCATTACG,422411
209,LbarID_0209,Afy16K_ID2032,AGGTCATAACAGTTGAGACG,141411
210,LbarID_0210,Afy16K_ID2033,AGGTCATGCAAGTAACGATC,231411
211,LbarID_0211,Afy16K_ID2037,ATCTCCATAACCGTGATCGA,321411
212,LbarID_0212,Afy16K_ID2038,ATCTCGACACAAGCTAATCG,411411
213,LbarID_0213,Afy16K_ID2039,ATCTCGCTAACCTCTGAGTA,114411
214,LbarID_0214,Afy16K_ID2041,CAGGTGCTAAGACTCTGTAA,224411
215,LbarID_0215,Afy16K_ID2043,CAGTAACGGTTCTACAAGGA,334321
216,LbarID_0216,Afy16K_ID2050,CGTCAAGTATCTCACACGAG,244211
217,LbarID_0217,Afy16K_ID2054,GACTTATACGTCATGCGACC,324111
218,LbarID_0218,Afy16K_ID2058,GCGTTTAATGTGAGCTACGA,131311
219,LbarID_0219,Afy16K_ID2064,GTGTTTATACGTTGAGCACG,434421
220,LbarID_0220,Afy16K_ID2065,GTGTTTGACTAGCGTCTACC,314211
221,LbarID_0221,Afy16K_ID2067,GTTAATTCATCTAGCGCGAC,322311
222,LbarID_0222,Afy16K_ID2073,TCTGTTCAGTATCCAGTCAC,233211
223,LbarID_0223,Afy16K_ID2074,TCTGTTGAGAGCTGAGTCTA,341211
224,LbarID_0224,Afy16K_ID2077,AATAACATAACGCCCTGTCG,221211
225,LbarID_0225,Afy16K_ID2079,AATACACTAAAGCTCGGTCC,212211
226,LbarID_0226,Afy16K_ID2080,ACGTGAACAATTCCACACTG,414111
227,LbarID_0227,Afy16K_ID2081,ACGTGCCTAAAGTGTACTAC,232311
228,LbarID_0228,Afy16K_ID2085,AGGTCGTTAAGAGGCAATAC,111211
229,LbarID_0229,Afy16K_ID2086,AGGTCTTGACAATAAGGACG,441111
230,LbarID_0230,Afy16K_ID2088,ATCTCTACAACCGCTATGAG,112111
231,LbarID_0231,Afy16K_ID2090,ATCTGACTAACGATGATGCC,144111
232,LbarID_0232,Afy16K_ID2092,CAGTACACATAAGTAGCGCG,311311
233,LbarID_0233,Afy16K_ID2096,CGAGATGTACGCACAAGATC,332211
234,LbarID_0234,Afy16K_ID2097,CGAGATTACAATTCACGAGC,121111
235,LbarID_0235,Afy16K_ID2098,CGAGCAATACATACATCTGC,421311
236,LbarID_0236,Afy16K_ID2106,GAGACAGGAGTGACTACATT,413211
237,LbarID_0237,Afy16K_ID2108,GCGTTTCTAATGTCCACTAC,323211
238,LbarID_0238,Afy16K_ID2111,GCTACCACCTACGTGTATAT,134211
239,LbarID_0239,Afy16K_ID2119,GTTACGCGAGAGGTCATTAC,424211
240,LbarID_0240,Afy16K_ID2120,TAGTGCAGATGACGTTAGTC,443421
241,LbarID_0241,Afy16K_ID2123,TAGTTATACTGTACGTGGCC,423111
242,LbarID_0242,Afy16K_ID2126,TCTTAGGTACTTGCAGTGAC,342111
243,LbarID_0243,Afy16K_ID2127,TCTTATGAGATGTAGCTCGC,444321
244,LbarID_0244,Afy16K_ID2130,AATAGACTAAAGCGTGTGCC,214311
245,LbarID_0245,Afy16K_ID2131,ACGTGTAAAGTCGTCACAAC,344421
246,LbarID_0246,Afy16K_ID2137,AGGTTCATACAACGTCAGAC,133111
247,LbarID_0247,Afy16K_ID2140,ATCTGCTGACACACACTAAG,333421
248,LbarID_0248,Afy16K_ID2141,ATCTGGGTAAATAGGTACGC,431211
249,LbarID_0249,Afy16K_ID2142,CAGTCAACGTAGTCTAACGC,143211
250,LbarID_0250,Afy16K_ID2147,CGAGCGATAATCAAGTCGAG,122211
251,LbarID_0251,Afy16K_ID2150,CGTCACGTACATCACTATGA,113311
252,LbarID_0252,Afy16K_ID2152,CGTCAGAGACACTGGAATAG,234111
253,LbarID_0253,Afy16K_ID2155,GAGACATTAGAGATACGCCT,241311
254,LbarID_0254,Afy16K_ID2161,GCTACTTACGACTCCGAGAT,211111
255,LbarID_0255,Afy16K_ID2170,TAGTTATCAGAGTGACTGCG,223311
256,LbarID_0256,Afy16K_ID2172,TAGTTCATACGCGGTAGACA,442211
257,LbarID_0257,Afy16K_ID2175,TCTTCGATATGATAGCGTCG,124311
258,LbarID_0258,Afy16K_ID2176,TCTTCGTGACTCCTCGATAA,222111
259,LbarID_0259,Afy16K_ID2178,AATAGCGTAAACTCTGACCC,243111
260,LbarID_0260,Afy16K_ID2179,AATAGTATAAAGTCGCGCCC,432111
261,LbarID_0261,Afy16K_ID2180,AATAGTCGAAACTGCTAGGC,331111
262,LbarID_0262,Afy16K_ID2181,ACGTTAATAAGAACTCGCCC,313111
263,LbarID_0263,Afy16K_ID2182,ACGTTACTAAACCACACTGG,142311
264,LbarID_0264,Afy16K_ID2183,ACGTTATACCACCAACTAGG,412311
265,LbarID_0265,Afy16K_ID2184,ACGTTCGTAAATAAGAGGCC,412421
266,LbarID_0266,Afy16K_ID2185,AGTAACAGTCGTGAACATCG,222233
267,LbarID_0267,Afy16K_ID2189,ATCTGTATAGACAAACCGCG,243331
268,LbarID_0268,Afy16K_ID2191,ATCTGTGCAACCATAGTACC,442121
269,LbarID_0269,Afy16K_ID2192,ATCTTAATAACGTGTCCGCC,414221
270,LbarID_0270,Afy16K_ID2193,CAGTCGATACACAGCACTAT,342441
271,LbarID_0271,Afy16K_ID2194,CAGTCGCTACCAACTTATGA,144221
272,LbarID_0272,Afy16K_ID2202,CGTCAGTAATACGAGCTACA,221331
273,LbarID_0273,Afy16K_ID2205,GAGACGTGACAGTAGTTACC,244341
274,LbarID_0274,Afy16K_ID2208,GAGACTTTACTAGACGAGCA,121431
275,LbarID_0275,Afy16K_ID2209,GCTAGAAGTTCGTCGAGTAT,132321
276,LbarID_0276,Afy16K_ID2210,GCTAGATGACGATCAGGTAC,332431
277,LbarID_0277,Afy16K_ID2212,GCTAGGTGACAGTATGCTAT,221121
278,LbarID_0278,Afy16K_ID2214,GTAGTACACGGAGTGATCCT,131131
279,LbarID_0279,Afy16K_ID2215,GTAGTACGAGCTGAGACTCT,133331
280,LbarID_0280,Afy16K_ID2218,GTTAGAGTACGCTAGTTGCA,311131
281,LbarID_0281,Afy16K_ID2219,GTTAGATCATAGTCACCGCG,114321
282,LbarID_0282,Afy16K_ID2223,TAGTTTCCACTGACTCTACG,213321
283,LbarID_0283,Afy16K_ID2224,TAGTTTCGACTCGTATGCAC,141141
284,LbarID_0284,Afy16K_ID2225,TGACATTTCTCCACGAGTAC,324331
285,LbarID_0285,Afy16K_ID2228,TGACCGTGGGAGTTACTATC,414441
286,LbarID_0286,Afy16K_ID2229,AATCCCTGAAACTAGACTCG,341341
287,LbarID_0287,Afy16K_ID2230,AATCGGCTAAACTATACCCG,441331
288,LbarID_0288,Afy16K_ID2234,ACGTTGTGAAAGGTGTCATC,121341
289,LbarID_0289,Afy16K_ID2235,ACGTTTCGACACTAACAGAG,111331
290,LbarID_0290,Afy16K_ID2236,AGTAAGGGAACATCGGTATC,344131
291,LbarID_0291,Afy16K_ID2239,AGTAATTTAACTAGGGCGCG,142421
292,LbarID_0292,Afy16K_ID2240,ATCTTACGAACGGCAAGTAC,213231
293,LbarID_0293,Afy16K_ID2242,ATCTTCAACGAGTTAGACGC,343411
294,LbarID_0294,Afy16K_ID2243,ATCTTCCTAACGATCTGTCG,321321
295,LbarID_0295,Afy16K_ID2247,CAGTGGAACGTAGGTTAAAC,221441
296,LbarID_0296,Afy16K_ID2248,CGAGGAGGAAGTACCTTACA,234441
297,LbarID_0297,Afy16K_ID2252,CGTCATGTACCATCAAGTCG,444141
298,LbarID_0298,Afy16K_ID2253,CGTCATTACCACGACTGATA,331441
299,LbarID_0299,Afy16K_ID2254,CGTCATTGAGAATACGTTCG,413121
300,LbarID_0300,Afy16K_ID2255,CGTCATTTAAGTTAGCGCAC,133221
301,LbarID_0301,Afy16K_ID2270,AGAGATAACGAACGGTCCTT,442431
302,LbarID_0302,Afy16K_ID2271,AGAGCATGAAATAGTCGTCC,321141
303,LbarID_0303,Afy16K_ID2273,ATACGTCGAACCATCTTACG,324441
304,LbarID_0304,Afy16K_ID2278,CGCTTACGAAGGATTGGTAC,314121
305,LbarID_0305,Afy16K_ID2284,CTCTCGCAATAGCATTACGA,313331
306,LbarID_0306,Afy16K_ID2285,CTCTCGGTAAGTCAGTAGAC,432331
307,LbarID_0307,Afy16K_ID2290,GGTAGCTTAGCAGATAGTCA,424121
308,LbarID_0308,Afy16K_ID2296,TACGTGCTAGGAGATGTAAC,311421
309,LbarID_0309,Afy16K_ID2300,TCGATCACAGGTTCGTAGAA,432441
310,LbarID_0310,Afy16K_ID2301,TCGATGCACTGATGTCACTA,123141
311,LbarID_0311,Afy16K_ID2306,ACCGTCTTAAAGTTACGACC,442341
312,LbarID_0312,Afy16K_ID2308,AGAGCTTTAACGAGGAAGTC,331221
313,LbarID_0313,Afy16K_ID2310,AGAGGGTAACAGAGTATCCT,134431
314,LbarID_0314,Afy16K_ID2312,ATACGTTTAAGCACGCACAC,113421
315,LbarID_0315,Afy16K_ID2313,ATACTAATAACTCACGCCGG,411321
316,LbarID_0316,Afy16K_ID2317,CGGAAGACGGTGTAATACTC,243441
317,LbarID_0317,Afy16K_ID2320,CTACTTTCAATGACAGTCGC,444411
318,LbarID_0318,Afy16K_ID2321,CTACTTTGAATCACTACGCG,323121
319,LbarID_0319,Afy16K_ID2328,GGTAGTGACGATGTCTTCAT,431121
320,LbarID_0320,Afy16K_ID2329,GGTAGTGTACGCTGATCTAT,142131
321,LbarID_0321,Afy16K_ID2333,GTCTCTAGCATTATCGAGCA,333311
322,LbarID_0322,Afy16K_ID2337,TACGTTACCGTTACTCAGTC,241421
323,LbarID_0323,Afy16K_ID2343,TCGCAGTTACTCTGATACTC,341121
324,LbarID_0324,Afy16K_ID2344,ACCGTGCTAAAGTAACACTC,113131
325,LbarID_0325,Afy16K_ID2346,ACCGTGTAACAGAAATGTCG,431341
326,LbarID_0326,Afy16K_ID2348,AGAGTACGAAATCTAGCTCC,333241
327,LbarID_0327,Afy16K_ID2349,AGAGTATAACATCTCACCCG,213141
328,LbarID_0328,Afy16K_ID2351,AGAGTCTCAAATCGTCAGAG,434131
329,LbarID_0329,Afy16K_ID2352,ATACTCGAACCAGTTTCACG,342331
330,LbarID_0330,Afy16K_ID2353,ATACTGGAACCGATCTACAC,232131
331,LbarID_0331,Afy16K_ID2361,GTAGTCGTACTCATGCTGAC,134121
332,LbarID_0332,Afy16K_ID2363,GTAGTGCAGGATCGTCATAT,124421
333,LbarID_0333,Afy16K_ID2364,GTTAGGCTAGAGCGTATCTC,214421
334,LbarID_0334,Afy16K_ID2367,GTTAGTCGATCAGTAGAGCA,412131
335,LbarID_0335,Afy16K_ID2374,TGACGTTGAGGACTTAGTTC,141321
336,LbarID_0336,Afy16K_ID2377,AATGTTCGACAAGTAACGCG,231141
337,LbarID_0337,Afy16K_ID2378,ACTAACCTAAATCACTGCGG,443241
338,LbarID_0338,Afy16K_ID2379,ACTAACGAACACTTATCGCG,212121
339,LbarID_0339,Afy16K_ID2380,ACTAAGCGAAATCACGTTCC,122331
340,LbarID_0340,Afy16K_ID2383,AGTACACGAACGAATCTTCC,113241
341,LbarID_0341,Afy16K_ID2385,AGTACATTAACCTACGCGAC,144441
342,LbarID_0342,Afy16K_ID2387,ATCTTCTCACAAGCAGTACG,312141
343,LbarID_0343,Afy16K_ID2390,CAGTGTCGAGAACGGTTTAC,131421
344,LbarID_0344,Afy16K_ID2395,CGAGTACCAATAGGTCACAG,312321
345,LbarID_0345,Afy16K_ID2398,CGTCCAGTACACTACGATAG,441221
346,LbarID_0346,Afy16K_ID2402,GAGCAATGCGTATAGCGATA,132231
347,LbarID_0347,Afy16K_ID2405,GCTATCGTACACTCCTTTGA,121221
348,LbarID_0348,Afy16K_ID2407,GCTATGTTACCGTACCGTAG,112341
349,LbarID_0349,Afy16K_ID2411,GTAGTGTACTCCCAAGTCCT,223131
350,LbarID_0350,Afy16K_ID2413,GTTATACGGTGACTCATCCC,222323
351,LbarID_0351,Afy16K_ID2416,GTTATCGACTACGCTGTACT,412241
352,LbarID_0352,Afy16K_ID2421,TGACTATACCGTCTTCGATC,214131
353,LbarID_0353,Afy16K_ID2422,TGACTCTGACGTTAGGTACT,331331
354,LbarID_0354,Afy16K_ID2423,TGACTGCTATCTACGTTAGG,323341
355,LbarID_0355,Afy16K_ID2424,TGACTTCTACGTGGCGATAT,334231
356,LbarID_0356,Afy16K_ID2425,AATTACCTAAAGCGCACTCG,123231
357,LbarID_0357,Afy16K_ID2426,AATTACGGAAAGCGAGTTCG,411141
358,LbarID_0358,Afy16K_ID2427,AATTACTAACACCGACTGCG,423441
359,LbarID_0359,Afy16K_ID2429,ACTAATATAACAGCGTCGCC,341431
360,LbarID_0360,Afy16K_ID2430,ACTACAATAACATCGCGTCG,244431
361,LbarID_0361,Afy16K_ID2432,ACTACACGAAATTACCGTCG,212441
362,LbarID_0362,Afy16K_ID2435,AGTACCATAACCGACTACGG,234331
363,LbarID_0363,Afy16K_ID2436,AGTACCCAACCCTAGTAGAG,343231
364,LbarID_0364,Afy16K_ID2437,ATGAACATACTATACCGCGC,322131
365,LbarID_0365,Afy16K_ID2438,ATGAAGTCAACGCATGGTAC,211221
366,LbarID_0366,Afy16K_ID2439,ATGACACTAACTAAGTCGCC,114231
367,LbarID_0367,Afy16K_ID2440,ATGACATTAACGTAGCACCC,311241
368,LbarID_0368,Afy16K_ID2443,CAGTTTCTAAGAGGCGAGAC,232223
369,LbarID_0369,Afy16K_ID2447,CGAGTCCTACATAATCGTCA,334141
370,LbarID_0370,Afy16K_ID2448,CGAGTCTCACAGCAATCTAG,142241
371,LbarID_0371,Afy16K_ID2451,CGTCCTACACATCTTAGTGA,124131
372,LbarID_0372,Afy16K_ID2452,CGTCGAGCAATATGAATGAC,413341
373,LbarID_0373,Afy16K_ID2454,GAGCAGTTAGGACAGTCTAC,231231
374,LbarID_0374,Afy16K_ID2455,GAGCATAATGACGTAGACCG,143121
375,LbarID_0375,Afy16K_ID2459,GCTCATGTACGCCTAAGATC,424431
376,LbarID_0376,Afy16K_ID2463,GTAGTTGTAATTTGCGCGAC,143341
377,LbarID_0377,Afy16K_ID2466,GTTATCTACGGATCATGCGA,111121
378,LbarID_0378,Afy16K_ID2468,GTTATTGCAGACTAGGCGTA,444231
379,LbarID_0379,Afy16K_ID2470,TATACGCTACTTCAGCTCGA,344311
380,LbarID_0380,Afy16K_ID2473,TGAGACGGCTGAGTATTCTA,122441
381,LbarID_0381,Afy16K_ID2478,ACAACATAAAGTTCGCTCCG,424341
382,LbarID_0382,Afy16K_ID2479,ACAACTCTAAATACGGCTCG,112221
383,LbarID_0383,Afy16K_ID2483,ACTACTCGAAAGTCGGATAC,241131
384,LbarID_0384,Afy16K_ID2484,ACTACTTAACAGAATCGCGC,223223
385,LbarID_0385,Afy16K_ID2486,AGTACCTCAACCCAGTTAGA,134341
386,LbarID_0386,Afy16K_ID2495,CATAATACACATACGCTGCG,343141
387,LbarID_0387,Afy16K_ID2498,CGAGTGTCACATACCACATA,441441
388,LbarID_0388,Afy16K_ID2500,CGAGTTACAGAGAGTACACG,212331
389,LbarID_0389,Afy16K_ID2502,CGTCGCAGAGAGATACACTA,413431
390,LbarID_0390,Afy16K_ID2503,CGTCGCGTACAATTACTTAC,421131
391,LbarID_0391,Afy16K_ID2512,GCTCGATAATGGCTACTACC,434311
392,LbarID_0392,Afy16K_ID2513,GTATAGAGCTAGTGACTCCG,211341
393,LbarID_0393,Afy16K_ID2514,GTATAGGAATTGTGCGTCAC,414331
394,LbarID_0394,Afy16K_ID2518,GTTCACATCTTACTCCGAGA,143431
395,LbarID_0395,Afy16K_ID2520,GTTCAGTTACCTGGATACGT,344241
396,LbarID_0396,Afy16K_ID2521,TATACTCGATTCCACGTCGT,433411
397,LbarID_0397,Afy16K_ID2522,TATACTGACCTTATCGGCAC,124241
398,LbarID_0398,Afy16K_ID2528,TGAGCTAGAGAGTCGTATCT,443311
399,LbarID_0399,Afy16K_ID2531,ACAATCTAACACGACCTGGT,421241
400,LbarID_0400,Afy16K_ID2533,ACTACTTGAAATCATCCGCG,233431
401,LbarID_0401,Afy16K_ID2534,ACTAGACTAAATTCGACCCG,421421
402,LbarID_0402,Afy16K_ID2542,ATGACTAACGCCTATACACG,322223
403,LbarID_0403,Afy16K_ID2544,ATGAGCCTAACCTCTCTAGT,321231
404,LbarID_0404,Afy16K_ID2545,CATACACGACAATAGCTTCG,133441
405,LbarID_0405,Afy16K_ID2547,CATACGTCACGAGAAGCTAC,132141
406,LbarID_0406,Afy16K_ID2549,CGAGTTCAATATACCGACCA,233341
407,LbarID_0407,Afy16K_ID2550,CGAGTTGGAAGTACGTCTAA,423331
408,LbarID_0408,Afy16K_ID2551,CGATAAACACCAGTACCTGT,144331
409,LbarID_0409,Afy16K_ID2559,GAGCGATACATCTATGCAGA,211431
410,LbarID_0410,Afy16K_ID2567,GTATATGACCTAGTGCCACG,244121
411,LbarID_0411,Afy16K_ID2569,GTTCATATACGTGAGCAGCA,433141
412,LbarID_0412,Afy16K_ID2571,GTTCCATACTACGCTTGACG,314431
413,LbarID_0413,Afy16K_ID2577,TGAGCTATACTCGTCGTCAG,312231
414,LbarID_0414,Afy16K_ID2578,TGAGCTGACTACTTCGTATC,214241
415,LbarID_0415,Afy16K_ID2579,TGAGGTGTACTGTCATATCC,434241
416,LbarID_0416,Afy16K_ID2581,ACACAGTAACACATTGTCGC,242141
417,LbarID_0417,Afy16K_ID2582,ACACATATAAATCTCGCGGC,111441
418,LbarID_0418,Afy16K_ID2586,ACTAGGGTAAAGTGCGTCAA,122121
419,LbarID_0419,Afy16K_ID2588,ACTATACTAACAGCACGTCG,224141
420,LbarID_0420,Afy16K_ID2589,AGTAGACTAACCGATATGCC,131241
421,LbarID_0421,Afy16K_ID2592,AGTAGGAGAACGAATTGTCC,112431
422,LbarID_0422,Afy16K_ID2593,ATGAGCTGAACCGTGATTAC,241241
423,LbarID_0423,Afy16K_ID2599,CATATCGCAAGATCGTCGAA,323431
424,LbarID_0424,Afy16K_ID2600,CATCCGATACACCAGGTAGA,443131
425,LbarID_0425,Afy16K_ID2601,CGATACCGAAGTCCAGATAC,313221
426,LbarID_0426,Afy16K_ID2603,CGATAGAGACATAGACTGCG,123321
427,LbarID_0427,Afy16K_ID2610,GAGCGGTTACATAGTCGATC,431431
428,LbarID_0428,Afy16K_ID2616,GCTCGTGTACGGAATGTTAA,433231
429,LbarID_0429,Afy16K_ID2627,TATAGTATCGAGGAGCGACC,422141
430,LbarID_0430,Afy16K_ID2630,TGAGTGATAGCTCGGATCTC,231321
431,LbarID_0431,Afy16K_ID2632,TGAGTTTACGTGTATGGCAC,114141
432,LbarID_0432,Afy16K_ID2636,ACACCGAAATAACTCTCGTG,314341
433,LbarID_0433,Afy16K_ID2637,ACTATATCACAACAGGCGTG,411231
434,LbarID_0434,Afy16K_ID2638,ACTATCAAATATGACCCGCG,332121
435,LbarID_0435,Afy16K_ID2639,ACTATCACAAATTCACGGCG,141231
436,LbarID_0436,Afy16K_ID2640,ACTATCGGAAATCACTACCG,333131
437,LbarID_0437,Afy16K_ID2641,AGTAGGTAACCCACTCACAG,233121
438,LbarID_0438,Afy16K_ID2642,AGTAGTAACCATTAAGCCGC,332341
439,LbarID_0439,Afy16K_ID2644,AGTAGTCCAAATTCGGGTAC,334411
440,LbarID_0440,Afy16K_ID2645,ATGATATTAACGGCTACGCC,313441
441,LbarID_0441,Afy16K_ID2646,ATGATGATAACTACGTGCCC,211233
442,LbarID_0442,Afy16K_ID2647,ATGATGCTAACCTGTCACAC,133234
443,LbarID_0443,Afy16K_ID2652,CATCGGATACACGCATACAG,141114
444,LbarID_0444,Afy16K_ID2658,CGTCTAGGAGCAATACTACG,331144
445,LbarID_0445,Afy16K_ID2659,CGTCTATGACAATGGCCTAC,324342
446,LbarID_0446,Afy16K_ID2661,GAGCGTATAGGAGATCCAAC,111313
447,LbarID_0447,Afy16K_ID2663,GAGCGTGTAATCCGATCTAA,323244
448,LbarID_0448,Afy16K_ID2670,GTATCGACAGTAGGGTATCC,244134
449,LbarID_0449,Afy16K_ID2672,GTATCGGGACATCGGTCTAT,241412
450,LbarID_0450,Afy16K_ID2673,GTTCGTAGAGATGATCGTCA,113223
451,LbarID_0451,Afy16K_ID2674,GTTCGTATAGCGTACTGCAT,224132
452,LbarID_0452,Afy16K_ID2677,TATAGTGCAGGGTACTCTGA,411433
453,LbarID_0453,Afy16K_ID2682,TGATACTGAGTTAGCGAGCT,111234
454,LbarID_0454,Afy16K_ID2683,TGATACTTAGGTCACGTCGA,334312
455,LbarID_0455,Afy16K_ID2691,ACTATTATACACTACCGGCG,431143
456,LbarID_0456,Afy16K_ID2692,ACTATTCGACAATTACGGCG,311113
457,LbarID_0457,Afy16K_ID2693,AGTATAGCAACCTCAACTCG,443214
458,LbarID_0458,Afy16K_ID2694,AGTATATTAACCGCCCACAG,414122
459,LbarID_0459,Afy16K_ID2695,AGTATCGAACATGAGGTACG,312312
460,LbarID_0460,Afy16K_ID2696,AGTATCTAACCATCCTGACG,131113
461,LbarID_0461,Afy16K_ID2697,ATGATTAACTAGACACCGCC,344232
462,LbarID_0462,Afy16K_ID2698,ATGATTGAACGCCTACGAAC,332424
463,LbarID_0463,Afy16K_ID2700,ATGCACTTAACGCTAGGTAC,443322
464,LbarID_0464,Afy16K_ID2701,CATCGTAGAAGCACTGAGAC,244244
465,LbarID_0465,Afy16K_ID2702,CATCGTTCAAGATTCGGTAC,132114
466,LbarID_0466,Afy16K_ID2703,CATCTACGAAGCGATAGGAC,342324
467,LbarID_0467,Afy16K_ID2706,CGATCTACAGAGGAATACGG,132224
468,LbarID_0468,Afy16K_ID2720,GTATCGGTAATTGCGGTACT,333214
469,LbarID_0469,Afy16K_ID2726,GTTCTAGTACCGCATCTCAG,241113
470,LbarID_0470,Afy16K_ID2727,GTTCTATCACGTCATCGCAA,131434
471,LbarID_0471,Afy16K_ID2728,TATCAGCCATGCGTACTCTA,121314
472,LbarID_0472,Afy16K_ID2729,TATCAGCTAGTATCACTCGC,123132
473,LbarID_0473,Afy16K_ID2731,TATCATGTAGACTCGGAGGC,441313
474,LbarID_0474,Afy16K_ID2733,TGATCTGTACTTCCAGTCAC,244222
475,LbarID_0475,Afy16K_ID2744,AGTATCTGAACATCGTCACC,114334
476,LbarID_0476,Afy16K_ID2746,AGTCACACAATACACTCTGG,423122
477,LbarID_0477,Afy16K_ID2749,ATGCGAATAACTATGACGCC,221133
478,LbarID_0478,Afy16K_ID2756,CGATCTTCACAGAGACATCA,412344
479,LbarID_0479,Afy16K_ID2762,CGTCTGTAAGCTGGAGTAAT,133133
480,LbarID_0480,Afy16K_ID2767,GAGGATCGAATACTGTCGTA,334443
481,LbarID_0481,Afy16K_ID2769,GCTGAGATAGCACTCGATAC,123444
482,LbarID_0482,Afy16K_ID2772,GTATCTCACGATCTTGCAGA,234212
483,LbarID_0483,Afy16K_ID2775,GTATGACTACCTGCACTCAG,434343
484,LbarID_0484,Afy16K_ID2778,GTTCTCGTACTAGCTTCAGA,322241
485,LbarID_0485,Afy16K_ID2780,TATCCATACGTCGTGACTCA,244233
486,LbarID_0486,Afy16K_ID2782,TATCCGGTAGACGGGTTATC,143424
487,LbarID_0487,Afy16K_ID2785,TGATTAGTATCTAGGCGCAC,444224
488,LbarID_0488,Afy16K_ID2786,TGATTCTGACTGTCGATGAC,242343
489,LbarID_0489,Afy16K_ID2789,ACACTAATAAATGCGCGTCC,234423
490,LbarID_0490,Afy16K_ID2790,ACACTAGAACACCGTACTGT,323424
491,LbarID_0491,Afy16K_ID2791,ACACTATTAAAGCTGCTCCG,422433
492,LbarID_0492,Afy16K_ID2793,ACTCAGAAATATACGTCCGC,112244
493,LbarID_0493,Afy16K_ID2794,ACTCAGCTAAAGTGGTAGAC,343422
494,LbarID_0494,Afy16K_ID2795,ACTCCAATAACAGGTACTCG,232344
495,LbarID_0495,Afy16K_ID2797,AGTCAGTCAACATGCTAGAC,242114
496,LbarID_0496,Afy16K_ID2798,AGTCAGTTAAGATCAACGCC,322142
497,LbarID_0497,Afy16K_ID2801,ATGCGGTTAAGCGGTAATAC,324324
498,LbarID_0498,Afy16K_ID2803,ATGCTACGAACTACCAATCG,143332
499,LbarID_0499,Afy16K_ID2804,CATGCGACAAGATGTTAGAC,221423
500,LbarID_0500,Afy16K_ID2805,CATGCTAGAAGAGGTGTACC,234414
501,LbarID_0501,Afy16K_ID2815,CGTCTTGCACCTTACAGTAG,211122
502,LbarID_0502,Afy16K_ID2818,GAGGGATCAATCGTGACTAC,331234
503,LbarID_0503,Afy16K_ID2824,GTATGATTACGGAGTACGCT,234432
504,LbarID_0504,Afy16K_ID2827,GTATGTACCGCTTACGAGTC,423212
505,LbarID_0505,Afy16K_ID2829,GTTCTGATAGCAGTAGAGCT,313432
506,LbarID_0506,Afy16K_ID2833,TATCGACTATCCCTGAGACG,331313
507,LbarID_0507,Afy16K_ID2834,TATCGCATAGATCAGTGAGC,414423
508,LbarID_0508,Afy16K_ID2835,TATCGGGACTCCTGACATAC,142333
509,LbarID_0509,Afy16K_ID2840,ACTCCAGTAAATCACGTAGC,422132
510,LbarID_0510,Afy16K_ID2841,ACTCCGACAAATCATAGTGC,223434
511,LbarID_0511,Afy16K_ID2842,ACTCCGTAACACTCTTAGGA,113344
512,LbarID_0512,Afy16K_ID2844,AGTCATCTAACATTCCGACG,313313
513,LbarID_0513,Afy16K_ID2847,AGTCCATGACAACGTACACT,241344
514,LbarID_0514,Afy16K_ID2848,ATGCTACTAACGCGGACTAA,314424
515,LbarID_0515,Afy16K_ID2849,ATGCTCCAACGATACATACG,341424
516,LbarID_0516,Afy16K_ID2850,ATGGACGTAACGCAGTCTAA,442413
517,LbarID_0517,Afy16K_ID2854,CATTACTTACACACGAGCGA,311232
518,LbarID_0518,Afy16K_ID2856,CGATGGGTACGAAGTCATAA,124443
519,LbarID_0519,Afy16K_ID2860,CGTGAAGTACGTGACAAGTA,223333
520,LbarID_0520,Afy16K_ID2861,CGTGAATTACATCAGACAGC,133313
521,LbarID_0521,Afy16K_ID2864,GAGGGTTGACGACCTTACTA,242224
522,LbarID_0522,Afy16K_ID2865,GAGGTAGAATCGTCTCGACA,432144
523,LbarID_0523,Afy16K_ID2866,GAGGTATTACGACTACGTCC,132444
524,LbarID_0524,Afy16K_ID2870,GCTGTCGGACTAATGTGATC,312132
525,LbarID_0525,Afy16K_ID2874,GTATTAGACTCGATCCGACG,212112
526,LbarID_0526,Afy16K_ID2881,TATCGTCCACGTCATCTGAT,131322
527,LbarID_0527,Afy16K_ID2888,ACTCGAATAACAGCATCTCG,313243
528,LbarID_0528,Afy16K_ID2891,AGTCCTCTAAATGTGGTACG,223443
529,LbarID_0529,Afy16K_ID2892,AGTCGATAAGAATACTGCGG,123224
530,LbarID_0530,Afy16K_ID2893,AGTCGCACAACATTACTACG,343344
531,LbarID_0531,Afy16K_ID2900,CATTATCGAAGCACGGTACA,233332
532,LbarID_0532,Afy16K_ID2901,CATTGTAACTGACGACACAC,442332
533,LbarID_0533,Afy16K_ID2904,CGATGTGTAAGGACTGCTAA,214142
534,LbarID_0534,Afy16K_ID2906,CGATGTTTAAGTCCACAGAC,122112
535,LbarID_0535,Afy16K_ID2912,GAGGTCTCAATCCGTACTAC,142344
536,LbarID_0536,Afy16K_ID2913,GAGGTGACATGACGTACATC,142124
537,LbarID_0537,Afy16K_ID2914,GAGTACATCGGAGGACTAAC,224242
538,LbarID_0538,Afy16K_ID2926,GTTGCGTACTCCTACTACTG,132312
539,LbarID_0539,Afy16K_ID2927,TATCGTTGACTAGGTAGGCA,222413
540,LbarID_0540,Afy16K_ID2929,TATCTATACGATTGGGTCGC,423243
541,LbarID_0541,Afy16K_ID2936,ACTCGCATAAACGACAGTCT,134134
542,LbarID_0542,Afy16K_ID2937,ACTCGCTTAAAGTTCATCCG,233222
543,LbarID_0543,Afy16K_ID2940,AGTCGCTAACCATAAGACCT,141224
544,LbarID_0544,Afy16K_ID2941,AGTCGCTCACAACCTATAAG,341332
545,LbarID_0545,Afy16K_ID2946,ATGGCTGTAACCTTGAGTAC,423342
546,LbarID_0546,Afy16K_ID2947,CCAAGGAGACTACACGATCT,434214
547,LbarID_0547,Afy16K_ID2949,CCACGGAACTTAATAGTCGA,221432
548,LbarID_0548,Afy16K_ID2950,CCACGTTAAGTCCGAATACG,332134
549,LbarID_0549,Afy16K_ID2951,CGATTCTGACCACATACGAG,312343
550,LbarID_0550,Afy16K_ID2952,CGCAACCTTTCGTACAAGTA,423324
551,LbarID_0551,Afy16K_ID2953,CGCAATAAGTCTAGCTCACT,242242
552,LbarID_0552,Afy16K_ID2960,GAGTATAGCGAGAGCTTCAT,223124
553,LbarID_0553,Afy16K_ID2966,GCTTCATTACTACTATGCGC,413424
554,LbarID_0554,Afy16K_ID2969,GTATTTGTACGTCGCAGGAC,223113
555,LbarID_0555,Afy16K_ID2970,GTCACATACTTCACCGTAGG,322113
556,LbarID_0556,Afy16K_ID2971,GTTGCTACCTAGTCTACCAT,324122
557,LbarID_0557,Afy16K_ID2972,GTTGCTATATCGTAGGAGCC,414212
558,LbarID_0558,Afy16K_ID2978,TATGACGTATAGGGTCCAGC,324414
559,LbarID_0559,Afy16K_ID2980,TGCGGAGAGTGATATACTTC,312444
560,LbarID_0560,Afy16K_ID2982,TGCGGTCTACTGCTATACTA,344124
561,LbarID_0561,Afy16K_ID2985,ACTCGTCTAAAGGTGTAGCA,422321
562,LbarID_0562,Afy16K_ID2986,ACTCGTGGAAAGTTAGGTAC,334333
563,LbarID_0563,Afy16K_ID2988,AGTCGTACAGAACTCGATAC,343213
564,LbarID_0564,Afy16K_ID2989,AGTCGTCGAAATTAGTAGCC,232322
565,LbarID_0565,Afy16K_ID2990,AGTCGTGAAGAACTCATACG,231123
566,LbarID_0566,Afy16K_ID2993,ATGGTAACGTACTATCACCC,123242
567,LbarID_0567,Afy16K_ID2994,ATGGTCGTACAAGACGTAGA,413413
568,LbarID_0568,Afy16K_ID2996,CCACTATTAAGGAGCGACAC,231312
569,LbarID_0569,Afy16K_ID2999,CGCACAGTACATAGGAATCC,124333
570,LbarID_0570,Afy16K_ID3006,CGTGCTCTACACTAGCTTAG,424413
571,LbarID_0571,Afy16K_ID3008,GAGTCAATGCTATGAGACGA,112143
572,LbarID_0572,Afy16K_ID3011,GCTTCGACGTTACTCACTAT,214113
573,LbarID_0573,Afy16K_ID3021,GTTGTCCTACCTCTGACTAG,412113
574,LbarID_0574,Afy16K_ID3023,TATGAGGGACGTGTCTACTC,321114
575,LbarID_0575,Afy16K_ID3024,TATGATACCTTCGTACCGGA,222221
576,LbarID_0576,Afy16K_ID3026,TATGCACTACTCTCATCGAG,242312
577,LbarID_0577,Afy16K_ID3030,TGCGTGCTAGATGTAGACTT,144342
578,LbarID_0578,Afy16K_ID3032,ACTCTATCAAACGAGATCCG,311333
579,LbarID_0579,Afy16K_ID3034,ACTCTCGAACACTATTGACG,433434
580,LbarID_0580,Afy16K_ID3035,AGTCGTGTAACCATGTGACA,143134
581,LbarID_0581,Afy16K_ID3036,AGTCGTTTAACTGAACCGAG,114433
582,LbarID_0582,Afy16K_ID3037,AGTCTACAACATTAGCACGC,212234
583,LbarID_0583,Afy16K_ID3039,ATGGTGATAACCTGTCTACC,413244
584,LbarID_0584,Afy16K_ID3046,CCACTTAGAAGGACTACGAC,422334
585,LbarID_0585,Afy16K_ID3048,CGCACGCTACAGACTATTAT,324144
586,LbarID_0586,Afy16K_ID3056,GAGTCGGAATCGGTTATACT,123433
587,LbarID_0587,Afy16K_ID3059,GCTTGACTACGACTTAGCAC,433344
588,LbarID_0588,Afy16K_ID3063,GTCACGGTACGTTATACTCA,131232
589,LbarID_0589,Afy16K_ID3075,TGCGTGTGACTATTGATACG,244442
590,LbarID_0590,Afy16K_ID3082,ACACTTATACACACACGGTG,132334
591,LbarID_0591,Afy16K_ID3083,ACTCTGATAAATCCGACACG,234234
592,LbarID_0592,Afy16K_ID3084,ACTCTGTAACACGTTTAGCC,334213
593,LbarID_0593,Afy16K_ID3085,ACTCTGTGAAAGTGGGTTAC,432313
594,LbarID_0594,Afy16K_ID3086,ACTCTTCAACACTTCTAGGG,121233
595,LbarID_0595,Afy16K_ID3087,AGTCTCGTAACATGCGATAC,214232
596,LbarID_0596,Afy16K_ID3088,AGTCTCTGACAACATTGAGC,324313
597,LbarID_0597,Afy16K_ID3089,AGTCTGCTAAATTGTCCGAC,422213
598,LbarID_0598,Afy16K_ID3090,AGTCTGTTAAGATATGCGCC,314323
599,LbarID_0599,Afy16K_ID3091,ATGTAGCGAACGTACTCACA,333444
600,LbarID_0600,Afy16K_ID3092,ATGTAGTAACGCTCAGTACC,242321
601,LbarID_0601,Afy16K_ID3093,ATGTATGAACGTCACGCAAG,433422
602,LbarID_0602,Afy16K_ID3094,ATGTATTAACGGTACTGCCC,412434
603,LbarID_0603,Afy16K_ID3096,CCAGACGTAAGCGACTATAC,442314
604,LbarID_0604,Afy16K_ID3109,GAGTGAGTAATGCTACGTCA,131412
605,LbarID_0605,Afy16K_ID3111,GGACAGATGGTACGTCATTA,141343
606,LbarID_0606,Afy16K_ID3120,GTTTACCTATGTCTACGCCG,322421
607,LbarID_0607,Afy16K_ID3121,GTTTAGGTACTCCCTCACGA,343312
608,LbarID_0608,Afy16K_ID3122,GTTTATCACACGCTCCTAGA,131443
609,LbarID_0609,Afy16K_ID3124,TATGTACTCGTATCGACGCA,413143
610,LbarID_0610,Afy16K_ID3125,TATGTAGTACGTGCGGACTT,412322
611,LbarID_0611,Afy16K_ID3128,TGCTAGTTAGGAGTATCGCA,334422
612,LbarID_0612,Afy16K_ID3130,TGCTCGATACTCTCTCTGAG,214434
613,LbarID_0613,Afy16K_ID3131,ACACTTCAACAATCGTAGCG,343242
614,LbarID_0614,Afy16K_ID3132,ACACTTCCAAAGATACTGCG,434223
615,LbarID_0615,Afy16K_ID3136,ACTGACATAACATACGGTCC,434124
616,LbarID_0616,Afy16K_ID3137,ACTGACTAACAGCTAATCCG,344444
617,LbarID_0617,Afy16K_ID3139,AGTCTTATACAGCGAACTCG,123312
618,LbarID_0618,Afy16K_ID3141,AGTCTTGGAACAGTGAGTAC,134332
619,LbarID_0619,Afy16K_ID3145,ATGTCCTCACAAGAGTCTAC,412443
620,LbarID_0620,Afy16K_ID3146,ATGTCGAGAAATAGTGACCC,413233
621,LbarID_0621,Afy16K_ID3149,CCAGGTAACTCTACTGAACG,431222
622,LbarID_0622,Afy16K_ID3150,CCAGGTAGACAGACATACTC,322333
623,LbarID_0623,Afy16K_ID3154,CGTGGGTAAGGTTATCTACA,222424
624,LbarID_0624,Afy16K_ID3161,GAGTGTCGAAGTCTGTTACC,434322
625,LbarID_0625,Afy16K_ID3170,GTTTATGTACGGCGGATCTA,342313
626,LbarID_0626,Afy16K_ID3174,TATGTCTGACGTGATAGTCC,232113
627,LbarID_0627,Afy16K_ID3175,TATGTGTACTGATGCTCACG,424143
628,LbarID_0628,Afy16K_ID3176,TATGTGTGAGCAGTGTACTC,222143
629,LbarID_0629,Afy16K_ID3177,TATTAGATACTGGACTCGCG,421124
630,LbarID_0630,Afy16K_ID3181,TGCTGGATATGACTGTCGTA,133423
631,LbarID_0631,Afy16K_ID3186,ACTGATGTAAATCCACACCG,323332
632,LbarID_0632,Afy16K_ID3188,ACTGCAATAACATATCCGCG,312433
633,LbarID_0633,Afy16K_ID3191,AGTGACCCAACATTATAGCG,412142
634,LbarID_0634,Afy16K_ID3192,AGTGACGAACATCTAGTACG,431332
635,LbarID_0635,Afy16K_ID3194,ATGTCGATAACCTCTGCTAC,344322
636,LbarID_0636,Afy16K_ID3195,ATGTCGCCAACGATTTACAC,421434
637,LbarID_0637,Afy16K_ID3196,ATGTCGTCACACAGAATACG,134233
638,LbarID_0638,Afy16K_ID3198,CCAGGTGTAATAAACGACGT,434412
639,LbarID_0639,Afy16K_ID3200,CCAGTCAACTCGTCGATAAG,143323
640,LbarID_0640,Afy16K_ID3201,CCAGTCACAATAGTGTACCA,143442
641,LbarID_0641,Afy16K_ID3202,CGCATCCTAAGGTAGACTAA,344214
642,LbarID_0642,Afy16K_ID3204,CGCATTAGAGACAGATCGAG,144423
643,LbarID_0643,Afy16K_ID3207,CGTGTACTACCGAATATGCA,232142
644,LbarID_0644,Afy16K_ID3211,GAGTTACACGTCACCATACG,223421
645,LbarID_0645,Afy16K_ID3219,GTCATAGCAGCTTAGACCTA,332332
646,LbarID_0646,Afy16K_ID3222,GTTTCGGTACATCTGGTAGC,431134
647,LbarID_0647,Afy16K_ID3223,GTTTCTGGACGATAGTGACT,333433
648,LbarID_0648,Afy16K_ID3227,TATTAGGACGGATGCGTAAC,112442
649,LbarID_0649,Afy16K_ID3228,TATTAGTCACTCGCAGTCAC,312123
650,LbarID_0650,Afy16K_ID3229,TATTATCTAGTATGCGCGGC,342212
651,LbarID_0651,Afy16K_ID3239,ACTGCATGAAAGTGTCTACC,344223
652,LbarID_0652,Afy16K_ID3242,AGTGAGATAACCTTACCCAC,441212
653,LbarID_0653,Afy16K_ID3246,ATGTGCATACAAGCTACGAC,343434
654,LbarID_0654,Afy16K_ID3249,CCAGTGTCAATAAGAGACGT,311214
655,LbarID_0655,Afy16K_ID3253,CGCCAAGACCTACATATAGT,341233
656,LbarID_0656,Afy16K_ID3254,CGCCACGAATATCACGTAAT,124344
657,LbarID_0657,Afy16K_ID3255,CGCCAGACATATCAATCGTA,442424
658,LbarID_0658,Afy16K_ID3257,CGTGTATGACAGACTCGTAC,441423
659,LbarID_0659,Afy16K_ID3259,CGTGTCTTACAGCACTACAT,441324
660,LbarID_0660,Afy16K_ID3260,CGTGTGAGACAGTAGCATAT,344433
661,LbarID_0661,Afy16K_ID3262,GAGTTCGACGTGACATAAAC,442233
662,LbarID_0662,Afy16K_ID3263,GAGTTGCACGTAGACGATAC,143143
663,LbarID_0663,Afy16K_ID3264,GAGTTTAGAATCGTGAGCAC,414414
664,LbarID_0664,Afy16K_ID3267,GGACTATCACTACGATCTCG,124214
665,LbarID_0665,Afy16K_ID3271,GTCCAGTTACCTAGTACGGA,344343
666,LbarID_0666,Afy16K_ID3273,GTTTGAGTAGAGTCGATCCA,312242
667,LbarID_0667,Afy16K_ID3274,GTTTGCTACAGGTGGTACTA,422114
668,LbarID_0668,Afy16K_ID3278,TATTCGACTGGGAGATCGTA,224422
669,LbarID_0669,Afy16K_ID3283,TGGACTACGTGTCTCGATAG,121332
670,LbarID_0670,Afy16K_ID3287,ACAGGTATAAAGGTAGTGCC,244323
671,LbarID_0671,Afy16K_ID3289,ACTGCTAAATACACTACGCG,213213
672,LbarID_0672,Afy16K_ID3291,ACTGCTCCAAATAGATACCG,432243
673,LbarID_0673,Afy16K_ID3292,ACTGCTCTAAACTCTTCAGG,424233
674,LbarID_0674,Afy16K_ID3294,AGTGCATGAACAGGTGATAC,133243
675,LbarID_0675,Afy16K_ID3298,ATGTTATCAACGTCAGCGAC,311223
676,LbarID_0676,Afy16K_ID3299,ATGTTCTCACACACACTGGA,433224
677,LbarID_0677,Afy16K_ID3300,ATGTTCTTAACGTCCGACAC,133144
678,LbarID_0678,Afy16K_ID3302,CCCGAATCAACTGTACTAGA,343333
679,LbarID_0679,Afy16K_ID3305,CGCCATACAGCACGATATTA,143233
680,LbarID_0680,Afy16K_ID3306,CGCCATCTACACTAAGTTGA,222332
681,LbarID_0681,Afy16K_ID3309,CGTGTGGTACAATGATTACG,311124
682,LbarID_0682,Afy16K_ID3310,CGTGTTATACCCTCACATGA,241322
683,LbarID_0683,Afy16K_ID3312,CGTGTTGAAGGTATCGTACT,214322
684,LbarID_0684,Afy16K_ID3314,GATACACTCTCACAGTCAGG,322443
685,LbarID_0685,Afy16K_ID3316,GATACATTACTCGACACGCG,344334
686,LbarID_0686,Afy16K_ID3320,GGAGAGTAATGTCTGCTACC,433132
687,LbarID_0687,Afy16K_ID3321,GTCCATAGACGTTGATACCA,411224
688,LbarID_0688,Afy16K_ID3325,TAAACTGTATGTACGGGACC,121244
689,LbarID_0689,Afy16K_ID3326,TAAAGTAGTATTAGCGCGGC,321334
690,LbarID_0690,Afy16K_ID3327,TAAATCGTATGTAGCAGCGC,244413
691,LbarID_0691,Afy16K_ID3333,TGGATTGACTGCGTAGTAAC,131333
692,LbarID_0692,Afy16K_ID3334,TGGCGTATAGTTCAGAGTAC,333113
693,LbarID_0693,Afy16K_ID3336,TGGCTTCGAGTAGGTATTAC,231213
694,LbarID_0694,Afy16K_ID3341,ACTGGACTAAACTCAACTCG,441342
695,LbarID_0695,Afy16K_ID3343,ACTGGCTCAAATATCGAGAC,311142
696,LbarID_0696,Afy16K_ID3351,ATTAAGCTAACTACGCGACC,232333
697,LbarID_0697,Afy16K_ID3352,CCCGACTAACGTGTATAGAC,123123
698,LbarID_0698,Afy16K_ID3360,CGTGTTTAAGTGTACGGACA,124223
699,LbarID_0699,Afy16K_ID3363,CGTTACTAATCGAGACACGC,324133
700,LbarID_0700,Afy16K_ID3365,GATACGAGAGAGGACTCACT,444242
701,LbarID_0701,Afy16K_ID3367,GATACTACATCTCAGACCGG,243133
702,LbarID_0702,Afy16K_ID3374,GTCCGACACTTCATCGTAAA,421214
703,LbarID_0703,Afy16K_ID3376,TAACCCGTGCTACGTGATAT,212423
704,LbarID_0704,Afy16K_ID3377,TAACCTCGTCTACATTGTCG,122414
705,LbarID_0705,Afy16K_ID3379,TAACGACTGTTCACTCCGAA,342243
706,LbarID_0706,Afy16K_ID3383,TCACGTATATTGACTCCGAC,332222
707,LbarID_0707,Afy16K_ID3385,TGGGTTTAGCAGTATCGTAC,433242
708,LbarID_0708,Afy16K_ID3388,ACAGTCTTAAAGGTCCACAC,431233
709,LbarID_0709,Afy16K_ID3394,ACTGTAACACTCGTCAAGAC,232443
710,LbarID_0710,Afy16K_ID3395,ACTGTAATAACCAAGCCTCG,422224
711,LbarID_0711,Afy16K_ID3396,AGTGCTAGAAATACTCAGCC,211442
712,LbarID_0712,Afy16K_ID3400,ATTACACGAACTACGACTCG,342432
713,LbarID_0713,Afy16K_ID3401,ATTACCCTAACTACAGACGG,433123
714,LbarID_0714,Afy16K_ID3402,ATTACCGCAACTAAGCTACG,224114
715,LbarID_0715,Afy16K_ID3406,CCCGTATGAACTGATTCGAC,324221
716,LbarID_0716,Afy16K_ID3414,CGTTAGGGAATACTCAGTCA,223322
717,LbarID_0717,Afy16K_ID3424,GTCCGCATACGCTATTAGAG,423414
718,LbarID_0718,Afy16K_ID3428,TAACGAGTCTTCAGCACGTA,442323
719,LbarID_0719,Afy16K_ID3429,TAACGGAGTTGAGCAGTAAC,112332
720,LbarID_0720,Afy16K_ID3431,TAACTAGGTTTACGCTCGGA,111432
721,LbarID_0721,Afy16K_ID3434,TCACTCATATCGAGCATCGT,431442
722,LbarID_0722,Afy16K_ID3435,TCACTCCGACGTATTCGATA,343132
723,LbarID_0723,Afy16K_ID3436,TGGTATATCGGTAGATTCGC,341143
724,LbarID_0724,Afy16K_ID3437,TGGTCCATACTGTCTCATAC,341222
725,LbarID_0725,Afy16K_ID3442,ACATCACCAAAGGTTACTCG,443334
726,LbarID_0726,Afy16K_ID3443,ACATCAGTAAAGTAGCTCCC,243414
727,LbarID_0727,Afy16K_ID3447,ACTGTAGGAAATCATCGACC,334132
728,LbarID_0728,Afy16K_ID3452,ATTACGTGAACGGAGTAGAC,441234
729,LbarID_0729,Afy16K_ID3453,ATTACTAGAACGTCCACGAC,323222
730,LbarID_0730,Afy16K_ID3454,ATTAGACTACAAGCCACTCG,241124
731,LbarID_0731,Afy16K_ID3455,ATTAGAGCAAGAGAGCGTTC,121442
732,LbarID_0732,Afy16K_ID3459,CCCTAGACAATCTGAGACGA,343224
733,LbarID_0733,Afy16K_ID3463,CGCGAATACATATCCAGACG,222134
734,LbarID_0734,Afy16K_ID3470,GATAGTCGAATCGCGGATAA,321224
735,LbarID_0735,Afy16K_ID3475,GGATAGACCGAGTGACTTAC,221414
736,LbarID_0736,Afy16K_ID3482,TAAGCACGTTTAGAGCTGAC,212432
737,LbarID_0737,Afy16K_ID3487,TCAGATAGAGTGCATGAGAC,212324
738,LbarID_0738,Afy16K_ID3488,TGGTCTAGCGTGAGTCATAA,421113
739,LbarID_0739,Afy16K_ID3495,ACATCTAAATAAGTGCCGCG,212313
740,LbarID_0740,Afy16K_ID3496,ACTGTCGCAAATATCACACG,211332
741,LbarID_0741,Afy16K_ID3497,ACTGTCTAACACTGTATCCG,342144
742,LbarID_0742,Afy16K_ID3498,ACTGTCTGACCAACCAATAG,231343
743,LbarID_0743,Afy16K_ID3499,ACTGTTCTAAACGGTTGACC,142443
744,LbarID_0744,Afy16K_ID3500,AGTGTCGTACAACCGATTAC,141433
745,LbarID_0745,Afy16K_ID4001,GGCTGATTACTCACTGACAC,342234
746,LbarID_0746,Afy16K_ID4005,GTCGGTCTACCCTGTATCAT,212144
747,LbarID_0747,Afy16K_ID4015,TGTCTGCTAGTATGAGAGCT,132132
748,LbarID_0748,Afy16K_ID4016,TGTGAGACTGTGATCTACGT,231422
749,LbarID_0749,Afy16K_ID4017,TGTGAGTAGCTGTCCCTATC,122133
750,LbarID_0750,Afy16K_ID4021,ACCGACTTAAAGAGCTTACC,243144
751,LbarID_0751,Afy16K_ID4026,ATAACTATAACCCGTACCGG,411334
752,LbarID_0752,Afy16K_ID4027,ATAACTTAACTACAGGGCCG,224312
753,LbarID_0753,Afy16K_ID4028,ATAACTTCAACCCGCGATAG,212243
754,LbarID_0754,Afy16K_ID4029,ATAAGCATAACCGATCCTCG,413332
755,LbarID_0755,Afy16K_ID4030,ATTGTCAGAACTACTTCGCC,113232
756,LbarID_0756,Afy16K_ID4032,ATTGTGTGAACTAGAGGACC,333343
757,LbarID_0757,Afy16K_ID4033,CCGATTGTACGAGAGAATGA,442222
758,LbarID_0758,Afy16K_ID4045,CTCGATGTACCTACCATGAG,244112
759,LbarID_0759,Afy16K_ID4047,CTCGCCACAATGTACTAGAA,341134
760,LbarID_0760,Afy16K_ID4049,CTTCATCGAATCATCGTAGC,233233
761,LbarID_0761,Afy16K_ID4056,GATTCGCGCATATCACACTA,421232
762,LbarID_0762,Afy16K_ID4057,GGCTGTCACCCGATACTATA,331432
763,LbarID_0763,Afy16K_ID4063,GTCGTAGTAGCATCAGGTAC,311322
764,LbarID_0764,Afy16K_ID4064,GTCGTCAGACTCATGTATCA,444114
765,LbarID_0765,Afy16K_ID4067,TACGAGGACGTGGATCTATA,212342
766,LbarID_0766,Afy16K_ID4073,TGTGATAGCGTAGGTCATTC,142223
767,LbarID_0767,Afy16K_ID4078,ACCGATTGAAAGTACACTCC,214214
768,LbarID_0768,Afy16K_ID4080,AGAATACCAACATCCGTTCG,443433
769,LbarID_0769,Afy16K_ID4084,ATAAGGTGAACGACATCTCC,224444
770,LbarID_0770,Afy16K_ID4087,ATTGTTCTAACTCGACGACC,432122
771,LbarID_0771,Afy16K_ID4088,ATTTACTAAGACAGACGCCC,132242
772,LbarID_0772,Afy16K_ID4090,ATTTCCTAACGTAGCTGACC,213242
773,LbarID_0773,Afy16K_ID4092,CCGCATTGAACTGTACTTAC,441122
774,LbarID_0774,Afy16K_ID4096,CGCTAGATACACCACTGATA,222244
775,LbarID_0775,Afy16K_ID4098,CGCTAGTAACTTTGACGAAG,332413
776,LbarID_0776,Afy16K_ID4100,CTACCGATACGACATCATGG,323112
777,LbarID_0777,Afy16K_ID4102,CTACCGTCAAGTCGTACTAA,241214
778,LbarID_0778,Afy16K_ID4103,CTCGCGTGAAGTGAGTTTAA,144313
779,LbarID_0779,Afy16K_ID4106,CTCGGCTCAATACTGACTAA,233424
780,LbarID_0780,Afy16K_ID4110,CTTCGTCAATCAGTGAGAGC,333322
781,LbarID_0781,Afy16K_ID4112,GATTCTCTACACTGCCTAGT,134222
782,LbarID_0782,Afy16K_ID4113,GATTTGTCAGAAGTGTCGTC,433312
783,LbarID_0783,Afy16K_ID4124,TACGAGTGGAGATGACTTCA,331243
784,LbarID_0784,Afy16K_ID4128,TCCGTTACGTGATCTCATAC,114312
785,LbarID_0785,Afy16K_ID4132,TGTGGTACTGTGATACGATC,334434
786,LbarID_0786,Afy16K_ID4143,ATAATCAGAACGACGTGTCC,223412
787,LbarID_0787,Afy16K_ID4144,ATAATCATAACCTCGACGCG,321123
788,LbarID_0788,Afy16K_ID4146,ATAATCTAACCGACGTACCG,341413
789,LbarID_0789,Afy16K_ID4147,ATTTCGTAACTACCGATCCG,111133
790,LbarID_0790,Afy16K_ID4148,ATTTCTGTAACGGGAGTGAC,434444
791,LbarID_0791,Afy16K_ID4149,ATTTGAGCAACGGTTACGAC,424314
792,LbarID_0792,Afy16K_ID4150,ATTTGTAACTAGACCACGCG,313144
793,LbarID_0793,Afy16K_ID4154,CCGCGTATAGACAGATATGA,423432
794,LbarID_0794,Afy16K_ID4156,CGCTATACAGGACTAGAGAC,432414
795,LbarID_0795,Afy16K_ID4158,CGCTATCTAAGTACCGACAT,124113
796,LbarID_0796,Afy16K_ID4159,CTACCTAATCGACAGCAGAG,414313
797,LbarID_0797,Afy16K_ID4169,CTTCGTTCAAGTTGGTAGAC,141312
798,LbarID_0798,Afy16K_ID4174,GCAATGGTAGTACGGATCAC,141213
799,LbarID_0799,Afy16K_ID4179,GTCGTCTTACGCATTCCTAG,211424
800,LbarID_0800,Afy16K_ID4180,GTCGTGACAGTGATGTACTC,314112
801,LbarID_0801,Afy16K_ID4184,TACGCCGTCTGACCTAATAG,343443
802,LbarID_0802,Afy16K_ID4186,TACGCGATGTTCAGAGAAGA,242422
803,LbarID_0803,Afy16K_ID4188,TCCTATGACTATTACGGTGC,141242
804,LbarID_0804,Afy16K_ID4194,TGTTACAGCGTCGGATAGTA,214344
805,LbarID_0805,Afy16K_ID4202,AGACCGTAACATAAGTCCCT,234243
806,LbarID_0806,Afy16K_ID4203,ATAATGCTAACGACCAGTCC,134442
807,LbarID_0807,Afy16K_ID4204,ATAATGTCAACGACGCTACC,421223
808,LbarID_0808,Afy16K_ID4205,ATACACTAACCTATCGACGG,421412
809,LbarID_0809,Afy16K_ID4208,CAAACTCTAAGACAGTGTGC,124142
810,LbarID_0810,Afy16K_ID4218,CGCTCCATACCAGATAGTAG,133122
811,LbarID_0811,Afy16K_ID4220,CTACGAGTAAGTCCATCGAA,413134
812,LbarID_0812,Afy16K_ID4223,CTCGTAGTACACAGTCGTAG,314314
813,LbarID_0813,Afy16K_ID4226,CTCGTATTAAGTGCGCTACC,144122
814,LbarID_0814,Afy16K_ID4228,CTTCTATGACAGATGCCGAC,332112
815,LbarID_0815,Afy16K_ID4230,CTTCTCGCACATCAGTTAGA,232434
816,LbarID_0816,Afy16K_ID4231,GCAATGTAGTCGAAGTGTCT,413323
817,LbarID_0817,Afy16K_ID4232,GCAATGTCAGTACAGTCACT,114422
818,LbarID_0818,Afy16K_ID4236,GGGTATAGAGCATCGTACTC,334344
819,LbarID_0819,Afy16K_ID4240,GTCGTTAGAGACGTTAGCAT,342221
820,LbarID_0820,Afy16K_ID4244,TACGCGGAGTGATGACTTAA,412223
821,LbarID_0821,Afy16K_ID4245,TACGCGGTACGATTTCTGAA,422231
822,LbarID_0822,Afy16K_ID4252,TGTTATATCGGCGAGAACTC,234122
823,LbarID_0823,Afy16K_ID4256,AGACCTGAACATAACTTCGC,243234
824,LbarID_0824,Afy16K_ID4259,ATACAGATAACTAGCTCGCC,232124
825,LbarID_0825,Afy16K_ID4260,ATACAGCCACACACTATGGT,324423
826,LbarID_0826,Afy16K_ID4261,ATACAGCGACATACACGTCT,134112
827,LbarID_0827,Afy16K_ID4262,ATACAGTCAACTACATCGCG,221222
828,LbarID_0828,Afy16K_ID4263,CAACATAGTTACACACGCTG,113412
829,LbarID_0829,Afy16K_ID4264,CAACATATCATAAGCGCGTC,323233
830,LbarID_0830,Afy16K_ID4266,CAACGAGAATACAGTCTGCG,233413
831,LbarID_0831,Afy16K_ID4277,CTACGCTTACACGCTATGAG,143112
832,LbarID_0832,Afy16K_ID4279,CTCGTCCAATATCTCGATGA,241333
833,LbarID_0833,Afy16K_ID4284,CTTGAATTACGATACGACGC,321312
834,LbarID_0834,Afy16K_ID4285,CTTGACAGCTACTACCAGTG,113142
835,LbarID_0835,Afy16K_ID4287,GCACATATCTAGCGACATCT,424134
836,LbarID_0836,Afy16K_ID4292,GGGTTAAGTGTTCGTACCTA,431323
837,LbarID_0837,Afy16K_ID4294,GGGTTATACCATGTCGTACT,134413
838,LbarID_0838,Afy16K_ID4296,GTCTACACGTCTCTACGATG,121212
839,LbarID_0839,Afy16K_ID4299,TACGCTGAGTCATCCGAATA,322412
840,LbarID_0840,Afy16K_ID4302,TACGCTTTACTATACTCGGG,114114
841,LbarID_0841,Afy16K_ID4303,TCCTGTATATCGTATCGCAG,441414
842,LbarID_0842,Afy16K_ID4306,TCCTTCGTACTCTAGTCGAG,334123
843,LbarID_0843,Afy16K_ID4307,TGTTTACGTTGTCGCAGAAC,412412
844,LbarID_0844,Afy16K_ID4308,TTAAGTTAGTGGAGCGTCTC,142322
845,LbarID_0845,Afy16K_ID4309,TTACCACCGTCTCGATGTAT,441144
846,LbarID_0846,Afy16K_ID4313,AGACGTGTAAATCGTAACCC,412333
847,LbarID_0847,Afy16K_ID4315,ATACATCGAACGACCTATCG,131223
848,LbarID_0848,Afy16K_ID4316,ATACCAGAAGCAACTCTCGT,111423
849,LbarID_0849,Afy16K_ID4317,ATACCAGTAACGATAGCTCC,133342
850,LbarID_0850,Afy16K_ID4319,CAACGCAGGTGAACGTATAT,434334
851,LbarID_0851,Afy16K_ID4320,CAACGCTTCTACAACTGAGT,342414
852,LbarID_0852,Afy16K_ID4322,CAACTACAGTACACAGCGTG,441243
853,LbarID_0853,Afy16K_ID4329,CGCTGAACTTGTCTACAGAT,431112
854,LbarID_0854,Afy16K_ID4330,CGCTGACAATCGGATAGAAC,413442
855,LbarID_0855,Afy16K_ID4331,CTACGGCAATAGCACTTACG,244332
856,LbarID_0856,Afy16K_ID4332,CTACGGCTAAGGGTCTAGTA,313414
857,LbarID_0857,Afy16K_ID4341,CTTGATTAAGTGCTGTACGC,323442
858,LbarID_0858,Afy16K_ID4342,CTTGCGTCAATAGTCTGAGA,224123
859,LbarID_0859,Afy16K_ID4346,GCACGCTTACATCGTACTAG,233112
860,LbarID_0860,Afy16K_ID4348,GGGTTTACATCTCTCGACAC,124232
861,LbarID_0861,Afy16K_ID4349,GGTACACTCCATCACGTTAT,122342
862,LbarID_0862,Afy16K_ID4351,GTCTACTACTCCTCAGGGTA,414342
863,LbarID_0863,Afy16K_ID4354,GTCTAGGGACGATTGTATCA,113434
864,LbarID_0864,Afy16K_ID4355,TACGGATTGAGATGACTGTC,213123
865,LbarID_0865,Afy16K_ID4361,TCGAATGTCGTGCATAGGTA,141132
866,LbarID_0866,Afy16K_ID4365,TTACGTGTTGAGAGTGTCAC,221324
867,LbarID_0867,Afy16K_ID4366,TTACTACCTGTTCACTGGAC,133324
868,LbarID_0868,Afy16K_ID4368,AGACTATAACCAGACCTCGG,342423
869,LbarID_0869,Afy16K_ID4373,ATACCTACAACGACTTACGG,232421
870,LbarID_0870,Afy16K_ID4374,ATACCTCTAACGAACTGACG,433114
871,LbarID_0871,Afy16K_ID4377,CAAGAACTGTTACACATCGC,344142
872,LbarID_0872,Afy16K_ID4385,CGCTGTACCAGTAGATACGA,214124
873,LbarID_0873,Afy16K_ID4391,CTCTAAGTATTGGACACGCA,214223
874,LbarID_0874,Afy16K_ID4396,CTTGGTATAGACTGAGAGCA,121134
875,LbarID_0875,Afy16K_ID4397,CTTGGTCGAGACTACCCATA,231224
876,LbarID_0876,Afy16K_ID4398,CTTGTCATACACTCTACGGA,233323
877,LbarID_0877,Afy16K_ID4402,GCACTAGGACATCTGATACA,333124
878,LbarID_0878,Afy16K_ID4403,GGTACGTTAGCAGAGTCTAT,443113
879,LbarID_0879,Afy16K_ID4404,GGTACTCACTGCACACTATA,432423
880,LbarID_0880,Afy16K_ID4410,GTCTATCACGCTAGTCGATC,424424
881,LbarID_0881,Afy16K_ID4411,TACGGTAGATACTGAGCTGA,134314
882,LbarID_0882,Afy16K_ID4412,TACGGTATATGACGGAGTCT,324234
883,LbarID_0883,Afy16K_ID4419,TTACTGTCTATGCGATCCGA,311412
884,LbarID_0884,Afy16K_ID4429,ATACGATTAACGACTCGGAC,414243
885,LbarID_0885,Afy16K_ID4431,CAAGGTCGAAGAAGTAGTCC,214333
886,LbarID_0886,Afy16K_ID4432,CAAGGTGAACTCAGTACACG,422242
887,LbarID_0887,Afy16K_ID4433,CAAGTAGTAAGACGACGTGC,213444
888,LbarID_0888,Afy16K_ID4434,CAAGTCCTAAGACAGCTACG,144234
889,LbarID_0889,Afy16K_ID4439,CTCTATAAGGCGTGAGAACC,241443
890,LbarID_0890,Afy16K_ID4461,TTAGGTCGATTGATAGTCGC,144414
891,LbarID_0891,Afy16K_ID4463,AGAGACATAACTACCCTCGG,243221
892,LbarID_0892,Afy16K_ID4470,ATACGGAGAACGAGGATCTT,414432
893,LbarID_0893,Afy16K_ID4471,CAATACGTCAGAAGAGCGTC,331133
894,LbarID_0894,Afy16K_ID4473,CAATCACCAAGAGTACGTCG,442134
895,LbarID_0895,Afy16K_ID4474,CAATGCGAACTCACTAGACG,414133
896,LbarID_0896,Afy16K_ID4477,CTACTGCAAGTCACGTTACA,424244
897,LbarID_0897,Afy16K_ID4482,CTCTCGACAATGTTCACGAA,413222
898,LbarID_0898,Afy16K_ID4483,CTTTACATACTTATCGGCGC,243432
899,LbarID_0899,Afy16K_ID4484,CTTTATCAATCGCGCTACGA,334114
900,LbarID_0900,Afy16K_ID4486,CTTTCACGACAGTTACATCG,341323
901,LbarID_0901,Afy16K_ID4489,GTCTCCTCAGATACGTGATC,111342
902,LbarID_0902,Afy16K_ID4490,GTCTCGACATCTCTGCATAG,444123
903,LbarID_0903,Afy16K_ID4492,TACGTCTTACTATTCGCACG,432212
904,LbarID_0904,Afy16K_ID4493,TACGTGAGATGATGATCGCT,142232
905,LbarID_0905,Afy16K_ID4495,TCGAGCTACTTATCCTACGT,113322
906,LbarID_0906,Afy16K_ID4500,TTAGTCGAGTCTATGAGCCC,124322
907,LbarID_0907,Afy16K_ID4501,TTAGTGCAGTATTAGTCGCG,222314
908,LbarID_0908,Afy16K_ID4506,ATCGTAACCTCATTCAACGG,313122
909,LbarID_0909,Afy16K_ID4507,ATCGTGTCACAAGATAAGGG,213334
910,LbarID_0910,Afy16K_ID4508,ATCTAAGAAGACATGCTCGG,113124
911,LbarID_0911,Afy16K_ID4509,ATCTCAGCAACCTTCAGTAG,141334
912,LbarID_0912,Afy16K_ID4510,ATCTCATAAGAATGGACGCG,343123
913,LbarID_0913,Afy16K_ID4511,ATCTGACAAGAATATCGGCG,143314
914,LbarID_0914,Afy16K_ID4512,ATCTTTAGACAACTGTGCCG,113214
915,LbarID_0915,Afy16K_ID4514,ATGAACGCCATTACAACTCG,144212
916,LbarID_0916,Afy16K_ID4517,ATGGCTTTAACTCTCACACG,342342
917,LbarID_0917,Afy16K_ID4518,ATGTAACGCTATTGAAGCCG,334224
918,LbarID_0918,Afy16K_ID4519,ATGTTTAGAACGTCATCCCG,211212
919,LbarID_0919,Afy16K_ID4520,ATTACTTTAACTTCGCCGCG,234144
920,LbarID_0920,Afy16K_ID4521,ATTAGCTCACATAACTCGGG,314244
921,LbarID_0921,Afy16K_ID4523,ATTAGGCAACTACATACCCG,222122
922,LbarID_0922,Afy16K_ID4524,ATTATAGTAACTCCCACCGG,323143
923,LbarID_0923,Afy16K_ID4525,ATTCCCAGAAACTGAGTACG,214412
924,LbarID_0924,Afy16K_ID4526,ATTCCCTAACGCTTGATACG,231444
925,LbarID_0925,Afy16K_ID4527,ATTCCTAGAACCTCTTGTCG,132422
926,LbarID_0926,Afy16K_ID4528,ATTCCTGGACAACTAGATCG,234221
927,LbarID_0927,Afy16K_ID4529,ATTCGTCTACAAACAACGGG,144243
928,LbarID_0928,Afy16K_ID4530,ATTCTGACACAATCATCGCG,321343
929,LbarID_0929,Afy16K_ID4531,ATTGACTCACAAGATGCACG,141444
930,LbarID_0930,Afy16K_ID4532,ATTGTAAGAAGTGCTACCCG,412232
931,LbarID_0931,Afy16K_ID4533,ATTTATCAACTCCACGACGG,114132
932,LbarID_0932,Afy16K_ID4538,CAACAAACGACTATTCCGTG,223214
933,LbarID_0933,Afy16K_ID4539,CAACTCATAAGACATCTGCG,222212
934,LbarID_0934,Afy16K_ID4540,CAAGACAGAATACTCTCCGG,443223
935,LbarID_0935,Afy16K_ID4541,CAAGTAAGAATCTACCGCCG,113333
936,LbarID_0936,Afy16K_ID4542,CAATCTTTAATACGCACGCG,412214
937,LbarID_0937,Afy16K_ID4543,CAATGCTTAATACCGACACG,324212
938,LbarID_0938,Afy16K_ID4549,CACATAAATACTGATCCGCG,444422
939,LbarID_0939,Afy16K_ID4551,CACATTCCAAGAGACTACGG,313133
940,LbarID_0940,Afy16K_ID4552,CACATTGAACTATCACACGG,114242
941,LbarID_0941,Afy16K_ID4555,CACCCGGAACTACTATGAAG,331122
942,LbarID_0942,Afy16K_ID4556,CACCCGTCAAGAATATAGCG,123114
943,LbarID_0943,Afy16K_ID4558,CACCGCTGAAGACCTTATAG,433333
944,LbarID_0944,Afy16K_ID4559,CACGCTAGACACCAATATGG,422343
945,LbarID_0945,Afy16K_ID4562,CACTATTTAATCACAGCGCG,432432
946,LbarID_0946,Afy16K_ID4565,CACTCTGAAGATGAAGGACG,243324
947,LbarID_0947,Afy16K_ID4567,CAGATAAGCATACAGCCTCG,133212
948,LbarID_0948,Afy16K_ID4572,CAGGCCCGAAGATAGTATAG,212133
949,LbarID_0949,Afy16K_ID4579,CATCAAATACTTAGACCGCG,212414
950,LbarID_0950,Afy16K_ID4582,CATCGCAGACAATGTAATCG,443412
951,LbarID_0951,Afy16K_ID4585,CATGGCGTACCAATACCTAG,224433
952,LbarID_0952,Afy16K_ID4589,CCAATTACAGACACTAGCGG,243243
953,LbarID_0953,Afy16K_ID4590,CCACAATCATAGACAGTCGG,142214
954,LbarID_0954,Afy16K_ID4591,CCACAGTCAATACAGCTAGG,433443
955,LbarID_0955,Afy16K_ID4602,CCCTTTCGACCGTAAGTAAG,332314
956,LbarID_0956,Afy16K_ID4603,CCGACATCAATATACATGCG,434433
957,LbarID_0957,Afy16K_ID4604,CCGACCTGACAATCATGTAG,331212
958,LbarID_0958,Afy16K_ID4605,CCGAGCACAATATCTCAGAG,141123
959,LbarID_0959,Afy16K_ID4615,CCGTTATCACAAGTTATGCG,443124
960,LbarID_0960,Afy16K_ID4616,CCGTTCTTAACTTTAGCACG,411422
961,LbarID_0961,Afy16K_ID4617,CCTAATGGACAATAGCGACG,441133
962,LbarID_0962,Afy16K_ID4627,CCTTCGGTAAGTAAACAACG,143222
963,LbarID_0963,Afy16K_ID4628,CCTTTCGCAAGTAATCTACG,221342
964,LbarID_0964,Afy16K_ID4631,CGACATACATCACAATTCGG,121323
965,LbarID_0965,Afy16K_ID4638,CGATCATGCACTACAATTCG,231433
966,LbarID_0966,Afy16K_ID4641,CGCAGAACTTGTATCAATCG,422422
967,LbarID_0967,Afy16K_ID4642,CGCAGACCACCTAATAGATG,331342
968,LbarID_0968,Afy16K_ID4645,CGCCTCCAATATACAGAGTG,243342
969,LbarID_0969,Afy16K_ID4649,CGCTTTCGACCCTTAGATAG,314413
970,LbarID_0970,Afy16K_ID4653,CGGGATCTACAGCATCATAG,332323
971,LbarID_0971,Afy16K_ID4654,CGGTGAATACATGCTAATCG,234324
972,LbarID_0972,Afy16K_ID4656,CGTAGTTTACAATTCCCACG,241142
973,LbarID_0973,Afy16K_ID4659,CGTTATCTAATCACATGCCG,411213
974,LbarID_0974,Afy16K_ID4660,CGTTCATTACATATCAGCCG,321422
975,LbarID_0975,Afy16K_ID4662,CGTTCCCAATAGTCAGACAG,231334
976,LbarID_0976,Afy16K_ID4663,CGTTCTTTAATGAGCGACAG,312422
977,LbarID_0977,Afy16K_ID4665,CGTTTGACACATCTCACATG,424332
978,LbarID_0978,Afy16K_ID4667,CTAATACCACCCAGTGTGAG,133432
979,LbarID_0979,Afy16K_ID4670,CTACATTGAATTACCACGCG,234133
980,LbarID_0980,Afy16K_ID4671,CTACCATAAGTGAGCCACAG,414234
981,LbarID_0981,Afy16K_ID4677,CTATTAACGTGTGGGACCAG,143244
982,LbarID_0982,Afy16K_ID4682,CTCATACAGTCCAATCGAGG,411312
983,LbarID_0983,Afy16K_ID4701,CTTACAATGTTGAGCACACG,412124
984,LbarID_0984,Afy16K_ID4706,CTTATCACAGCATCCGAGAG,231132
985,LbarID_0985,Afy16K_ID4708,CTTCCGATACCATCTGAGAG,322434
986,LbarID_0986,Afy16K_ID4710,CTTCTAATACTGCGACCAGG,111112
987,LbarID_0987,Afy16K_ID4713,CTTGATCGACAGATTATGCG,421344
988,LbarID_0988,Afy16K_ID4715,CTTTCTGCACACGATCTTAG,323323
989,LbarID_0989,Afy16K_ID4720,GAACTCTGTTGACCACCTAG,322124
990,LbarID_0990,Afy16K_ID4721,GAAGATTTCGTAATGACGCG,234342
991,LbarID_0991,Afy16K_ID4728,GACAACTCGCCCTAGATATG,411343
992,LbarID_0992,Afy16K_ID4729,GACATTCCAATACTTCGTCG,333412
993,LbarID_0993,Afy16K_ID4739,GACTTCACAATTCTGACTCG,443142
994,LbarID_0994,Afy16K_ID4740,GAGACGCAATGTGAATTACG,112233
995,LbarID_0995,Afy16K_ID4742,GAGCGATGAATATCTTGACG,112413
996,LbarID_0996,Afy16K_ID4743,GAGGCTTACCTAGAAGACAG,242123
997,LbarID_0997,Afy16K_ID4744,GAGTCTTCAATGCTCCTACG,341244
998,LbarID_0998,Afy16K_ID4748,GATATGAGAGCATCAGCACG,142113
999,LbarID_0999,Afy16K_ID4750,GATCCACTAGCATGACATCG,211323
1000,LbarID_1000,Afy16K_ID4752,GATTACTGACCAGCATCGAG,323314
1001,LbarID_1001,Afy16K_ID4753,GATTGTCACGAATGTCGATG,312213
1002,LbarID_1002,Afy16K_ID4757,GCACCCTGACATATCGTTAG,443232
1003,LbarID_1003,Afy16K_ID4758,GCACGATCATCTACATCTGG,131344
1004,LbarID_1004,Afy16K_ID4759,GCACTCATAATGCTCTAGCG,112122
1005,LbarID_1005,Afy16K_ID4767,GCCAGTCTACCCTATGTTAG,114224
1006,LbarID_1006,Afy16K_ID4770,GCCTGCTTACATCTGACTAG,234313
1007,LbarID_1007,Afy16K_ID4771,GCGACTAATGCTTATTCACG,242444
1008,LbarID_1008,Afy16K_ID4772,GCGATAGAATTATGTCACCG,312224
1009,LbarID_1009,Afy16K_ID4773,GCGCTCTTACCATTGAGTAG,144432
1010,LbarID_1010,Afy16K_ID4775,GCGTGCGAATTATGTATCAG,244314
1011,LbarID_1011,Afy16K_ID4778,GCTCGCTAATTCTCCGATAG,424442
1012,LbarID_1012,Afy16K_ID4785,GGACTAGCATAGATGATCCG,323413
1013,LbarID_1013,Afy16K_ID4787,GGTAATGTTCGCTAATGTCG,211314
1014,LbarID_1014,Afy16K_ID4789,GGTATTTGACACTGTGATCG,224334
1015,LbarID_1015,Afy16K_ID4791,GGTGTCTAATTGTATGCACG,224224
1016,LbarID_1016,Afy16K_ID4792,GGTTCGTAATCTCCATGACG,241223
1017,LbarID_1017,Afy16K_ID4793,GTAACTTGTTTGACAGTGCG,124412
1018,LbarID_1018,Afy16K_ID4796,GTACGTTCACCCATTGCTAG,221243
1019,LbarID_1019,Afy16K_ID4797,GTATCATTAGCTCCGCAGAG,313212
1020,LbarID_1020,Afy16K_ID4799,GTATGCTTAGATATGCAGCG,444344
1021,LbarID_1021,Afy16K_ID4806,GTCCATATACCGCATGACTG,223241
1022,LbarID_1022,Afy16K_ID4816,GTCTTTCACTAGCCTCGATG,211244
1023,LbarID_1023,Afy16K_ID4821,GTGCTGTAGAAATAAACGCG,231114
1024,LbarID_1024,Afy16K_ID4823,GTGTATCCAGACCTTCATCG,341112
1025,LbarID_1025,Afy16K_ID4826,GTTATTACCTGATGCGACGG,143413
1026,LbarID_1026,Afy16K_ID4828,GTTCCTCTACATTGCTGACG,124434
1027,LbarID_1027,Afy16K_ID4832,TAAACCTTATCTCACGTCGG,444333
1028,LbarID_1028,Afy16K_ID4833,TAAACTTACTTGACGGACGG,124124
1029,LbarID_1029,Afy16K_ID4834,TAAATATCGTATAGGCGGCG,132343
1030,LbarID_1030,Afy16K_ID4835,TAACAAGTTTACCTGCGTCG,211143
1031,LbarID_1031,Afy16K_ID4836,TAACACCTCCCGATAGTGAG,122144
1032,LbarID_1032,Afy16K_ID4837,TAACCATGATTTACGTCGCG,213132
1033,LbarID_1033,Afy16K_ID4840,TAACTCATCTTACTGACGGG,121413
1034,LbarID_1034,Afy16K_ID4841,TAAGTTTACTGAGAGTCCGG,111324
1035,LbarID_1035,Afy16K_ID4844,TACACTATCTTCAGGCACTG,241232
1036,LbarID_1036,Afy16K_ID4845,TACCATTTCTCACGTTACGG,432133
1037,LbarID_1037,Afy16K_ID4847,TACCTTTCAGCACTGTATCG,244424
1038,LbarID_1038,Afy16K_ID4852,TACTTACTGCATATTCCGCG,213114
1039,LbarID_1039,Afy16K_ID4853,TACTTATACTTCCAGCACGG,141422
1040,LbarID_1040,Afy16K_ID4856,TAGCACCACTCTACTTGAGG,332244
1041,LbarID_1041,Afy16K_ID4858,TAGCGATACTCATGGCATAG,222442
1042,LbarID_1042,Afy16K_ID4860,TAGGACCACGTTTCAGATAG,123213
1043,LbarID_1043,Afy16K_ID4861,TAGGATACCTTAGTCCCACG,242433
1044,LbarID_1044,Afy16K_ID4862,TAGTTATTACTTAGGCGGCG,132123
1045,LbarID_1045,Afy16K_ID4863,TATAACTGTGTTCAGAGGCG,322214
1046,LbarID_1046,Afy16K_ID4864,TATAATACCTTCTAGCGCGG,111414
1047,LbarID_1047,Afy16K_ID4865,TATACACCCTTCCGTAGGAG,313234
1048,LbarID_1048,Afy16K_ID4866,TATACATGCTTCGATCACCG,421322
1049,LbarID_1049,Afy16K_ID4868,TATACTTCACTCTCATGGCG,431413
1050,LbarID_1050,Afy16K_ID4870,TATATTCACTACCTGCTGCG,432342
1051,LbarID_1051,Afy16K_ID4875,TATGACTTACTCTCCAGCAG,142412
1052,LbarID_1052,Afy16K_ID4876,TATGATCTACTCCACTTGCG,433213
1053,LbarID_1053,Afy16K_ID4877,TATTATTTACTCCGCGACCG,331324
1054,LbarID_1054,Afy16K_ID4878,TATTTAGCATCGCTCACTCG,122432
1055,LbarID_1055,Afy16K_ID4879,TATTTATACTGCGAGCGAGG,211134
1056,LbarID_1056,Afy16K_ID4881,TCACACTTGCATATAGTCGG,224213
1057,LbarID_1057,Afy16K_ID4885,TCACTCTATACGCCTTATGG,423313
1058,LbarID_1058,Afy16K_ID4887,TCAGGATTAGTGACTGCTAG,423133
1059,LbarID_1059,Afy16K_ID4888,TCAGGGTTACGTCTATTCAG,411132
1060,LbarID_1060,Afy16K_ID4889,TCATAGTTACTTCAGCGGAG,314134
1061,LbarID_1061,Afy16K_ID4890,TCATTGTACTGCTAGATCGG,114343
1062,LbarID_1062,Afy16K_ID4891,TCCAGATTACTGTATCAGCG,224343
1063,LbarID_1063,Afy16K_ID4892,TCCAGCATATACGTTATCCG,333223
1064,LbarID_1064,Afy16K_ID4896,TCCCATGTACTTATATCGCG,123334
1065,LbarID_1065,Afy16K_ID4900,TCGATAATCTTTGTAGCGCG,423144
1066,LbarID_1066,Afy16K_ID4903,TCGTCACTATCTTGCATCAG,131214
1067,LbarID_1067,Afy16K_ID4906,TCGTTGATACGGTTATGCAG,132433
1068,LbarID_1068,Afy16K_ID4912,TCTCTACTATCTGTCCAGGG,221144
1069,LbarID_1069,Afy16K_ID4918,TCTTATAGAGTGAGCACAGG,314233
1070,LbarID_1070,Afy16K_ID4919,TCTTCATACTCTCTGCGAGG,344113
1071,LbarID_1071,Afy16K_ID4920,TGAAGCTACTTGAGTCATCG,221313
1072,LbarID_1072,Afy16K_ID4922,TGAGGATACGTTATGACCAG,134244
1073,LbarID_1073,Afy16K_ID4923,TGATCTCTACGTTGATGGAG,212222
1074,LbarID_1074,Afy16K_ID4924,TGATGACTGTAGTGCATTCG,432221
1075,LbarID_1075,Afy16K_ID4926,TGCGGCCTACTCTCTAATAG,424323
1076,LbarID_1076,Afy16K_ID4933,TGTACTATCTTAGGCCACTG,314222
1077,LbarID_1077,Afy16K_ID4935,TGTATAGCATGGTTCACTCG,421443
1078,LbarID_1078,Afy16K_ID4936,TGTATAGGATTATGTCCGCG,232214
1079,LbarID_1079,Afy16K_ID4937,TGTATCGACTGATGTTCCAG,232232
1080,LbarID_1080,Afy16K_ID4938,TGTATGCGATGATATGTCCG,411123
1081,LbarID_1081,Afy16K_ID4942,TGTTCTATATCTGGAGCGAG,213422
1082,LbarID_1082,Afy16K_ID4945,TTACACTCCTCGCTATTGAG,444213
1083,LbarID_1083,Afy16K_ID4946,TTACTTTCAGGTAGCGTGAG,233143
1084,LbarID_1084,Afy16K_ID4947,TTAGAGTCTTAGGCATGTCG,312334
1085,LbarID_1085,Afy16K_ID4950,TTATACTCGTTATCCGCCAG,441432
1086,LbarID_1086,Afy16K_ID4952,TTATCTGCATGAGTAGGTCG,341442
1087,LbarID_1087,Afy16K_ID4953,TTATGACCGTCTTCTCAACG,142142
1088,LbarID_1088,Afy16K_ID4955,TTCACTCAGTCGGATGATAG,313342
1089,LbarID_1089,Afy16K_ID4956,TTCAGTCTAGGGTATATGCG,112212
1090,LbarID_1090,Afy16K_ID4959,TTCTAGTTAGTATGGCGCAG,321132
1091,LbarID_1091,Afy16K_ID4960,TTCTATTTAGCGTAGGAGCG,444132
1092,LbarID_1092,Afy16K_ID4962,TTCTGAGCCTCGGATACTAG,322344
1093,LbarID_1093,Afy16K_ID4977,AACCTGTGAAACCTACCAGT,333232
1094,LbarID_1094,Afy16K_ID4987,AAGGGACTAAAGAGCTGTCT,243212
1095,LbarID_1095,Afy16K_ID4989,AATACCCTAAACTCCGAGGT,132213
1096,LbarID_1096,Afy16K_ID4993,ACAGCTAAATAAGCCTCCGT,213224
1097,LbarID_1097,Afy16K_ID4994,ACAGGCGGAAAGATAGTTCT,224321
1098,LbarID_1098,Afy16K_ID5013,ACGGAGAAATAGACTTCCCT,122234
1099,LbarID_1099,Afy16K_ID5026,AGAGTTGAACAGCATACCCT,414144
1100,LbarID_1100,Afy16K_ID5036,AGCTCGAAATAGCCATACCT,134424
1101,LbarID_1101,Afy16K_ID5046,AGTGTTAAGCCAGAAGACCT,422123
1102,LbarID_1102,Afy16K_ID5048,ATAACCTGATCGAACCCAGT,331423
1103,LbarID_1103,Afy16K_ID5050,ATCCCACGAACGATGAATCT,324432
1104,LbarID_1104,Afy16K_ID5051,ATCCCTACACAACTGGGTAT,242132
1105,LbarID_1105,Afy16K_ID5059,CAACCGTCCTCAAGAATAGT,224231
1106,LbarID_1106,Afy16K_ID5063,CACAATAAGATCACGCCGTT,332233
1107,LbarID_1107,Afy16K_ID5065,CACAGAAGCTAAGACCTTGT,442143
1108,LbarID_1108,Afy16K_ID5073,CACTTCAGAATACCACAGGT,242334
1109,LbarID_1109,Afy16K_ID5077,CAGCAACGTGGATCAACTAT,223142
1110,LbarID_1110,Afy16K_ID5081,CAGCTTACAGAAGGTGAGAT,233244
1111,LbarID_1111,Afy16K_ID5086,CAGTCTTGACCAACAACGAT,444312
1112,LbarID_1112,Afy16K_ID5089,CATAAGATGTAGGAAGCCGT,413112
1113,LbarID_1113,Afy16K_ID5093,CCAAGACGAGATAATCCTCT,241434
1114,LbarID_1114,Afy16K_ID5098,CCATCGTAAGCATCGCTAAT,343114
1115,LbarID_1115,Afy16K_ID5105,CCGAGTATAGCACAATCCAT,233134
1116,LbarID_1116,Afy16K_ID5110,CCGGATAGACAATTAGACCT,131142
1117,LbarID_1117,Afy16K_ID5116,CCTATGGTAAGCCCTCTAGT,423423
1118,LbarID_1118,Afy16K_ID5117,CCTCAAGGACATTACAGACT,111144
1119,LbarID_1119,Afy16K_ID5124,CGAATCAATTAGACGACCCT,331414
1120,LbarID_1120,Afy16K_ID5128,CGAGGTGGACATAAGTTCAT,123422
1121,LbarID_1121,Afy16K_ID5132,CGATTAGAAGGGAGTACCAT,114444
1122,LbarID_1122,Afy16K_ID5133,CGCACGATAATCAGCAATCT,233442
1123,LbarID_1123,Afy16K_ID5134,CGCAGATGAAGGTAGACATT,122243
1124,LbarID_1124,Afy16K_ID5139,CGCCTATGACCAATTCTAGT,334242
1125,LbarID_1125,Afy16K_ID5146,CGCTTAATGGAGACGAAGTT,321242
1126,LbarID_1126,Afy16K_ID5148,CGGAAGTCACAGTAATGGAT,321444
1127,LbarID_1127,Afy16K_ID5154,CGGCTTGAATAGACGAGAAT,311344
1128,LbarID_1128,Afy16K_ID5155,CGGGACATAATTGACACAGT,244143
1129,LbarID_1129,Afy16K_ID5159,CGGTCTCGAAGCAAAGATAT,434142
1130,LbarID_1130,Afy16K_ID5160,CGGTGGAGACCAGATTATAT,444434
1131,LbarID_1131,Afy16K_ID5162,CGGTTGTCACCAATCACTAT,142434
1132,LbarID_1132,Afy16K_ID5164,CGTATAAGCCCACCAGTATT,431424
1133,LbarID_1133,Afy16K_ID5166,CGTCGCCAATATGATCGAAT,223344
1134,LbarID_1134,Afy16K_ID5171,CTATCCAAGTGCCTACAAGT,431244
1135,LbarID_1135,Afy16K_ID5172,CTCCGCTAATAGAGCTGAAT,311434
1136,LbarID_1136,Afy16K_ID5180,CTGGAGTGACAGCTAATGAT,243313
1137,LbarID_1137,Afy16K_ID5186,CTTCACACAGCCTTAGAGAT,134323
1138,LbarID_1138,Afy16K_ID5189,CTTCGTTGACAATGGTCGAT,341314
1139,LbarID_1139,Afy16K_ID5191,CTTCTCAATCAGCTCTAGGT,121424
1140,LbarID_1140,Afy16K_ID5193,CTTGCGTGACAGATGGATAT,242231
1141,LbarID_1141,Afy16K_ID5194,CTTGGGAGACAGTATGATCT,214443
1142,LbarID_1142,Afy16K_ID5199,GAAGGACCGGAGACATCTAT,114213
1143,LbarID_1143,Afy16K_ID5200,GAATCATTAGCCACACGACT,122222
1144,LbarID_1144,Afy16K_ID5201,GACATACGGCCATACATCTT,213433
1145,LbarID_1145,Afy16K_ID5205,GACCGACCAGCCTATATTAT,121143
1146,LbarID_1146,Afy16K_ID5209,GACGGCAGAATGCAGTATAT,321213
1147,LbarID_1147,Afy16K_ID5212,GACTGCTGACATCATCCTAT,332442
1148,LbarID_1148,Afy16K_ID5214,GAGAATAGCCTAGAATCGGT,114123
1149,LbarID_1149,Afy16K_ID5218,GAGGCAGGAGTACATCTAAT,333334
1150,LbarID_1150,Afy16K_ID5220,GAGGTATCAGCAATGTAGCT,232412
1151,LbarID_1151,Afy16K_ID5225,GATTCCGGCATATAGAGAGT,322232
1152,LbarID_1152,Afy16K_ID5229,GCAATGAGTTGACGAGACTT,232241
1153,LbarID_1153,Afy16K_ID5272,GGAGAGGTACGTTCAATTCT,313423
1154,LbarID_1154,Afy16K_ID5280,GGATTCGTACCACCTATCAT,321433
1155,LbarID_1155,Afy16K_ID5295,GGCGTGAGAGCATTATATCT,422444
1156,LbarID_1156,Afy16K_ID5301,GGGAGCGTAGATCACATTAT,243423
1157,LbarID_1157,Afy16K_ID5315,GGTCGAGCATGATAGCTTAT,434232
1158,LbarID_1158,Afy16K_ID5328,GGTTAGAGAGAGTTCCACCT,344412
1159,LbarID_1159,Afy16K_ID5331,GTAAGGTAGGTGACATTCCT,322322
1160,LbarID_1160,Afy16K_ID5332,GTAATCCGCTCCACTGATAT,311443
1161,LbarID_1161,Afy16K_ID5338,GTAGGATAATTGGTCGCACT,213312
1162,LbarID_1162,Afy16K_ID5340,GTAGGGCACTAGATTAGCTT,144133
1163,LbarID_1163,Afy16K_ID5343,GTAGTTCCAGAGCAGGTATT,113443
1164,LbarID_1164,Afy16K_ID5346,GTATCATCAGATCGGAGCAT,323134
1165,LbarID_1165,Afy16K_ID5349,GTATGCCTACATTCCCTAGT,442244
1166,LbarID_1166,Afy16K_ID5350,GTATGTGGAGAGCCTATCAT,432324
1167,LbarID_1167,Afy16K_ID5356,GTCATGTTACCTGAGGAGAT,413314
1168,LbarID_1168,Afy16K_ID5372,GTCTTGGCAGAGATCGTATT,422312
1169,LbarID_1169,Afy16K_ID5380,GTGGTAGCAGCATAGCTTAT,443444
1170,LbarID_1170,Afy16K_ID5402,TAAGTGGACTGAGCGCATAT,211413
1171,LbarID_1171,Afy16K_ID5404,TAATGCAGGTGACTAGGTCT,222341
1172,LbarID_1172,Afy16K_ID5405,TAATGGTTCCGACTACTCCT,111243
1173,LbarID_1173,Afy16K_ID5408,TACATCTGCGGAGAGAGTTT,221234
1174,LbarID_1174,Afy16K_ID5420,TACTATGACTCAGGCGGAAT,313324
1175,LbarID_1175,Afy16K_ID5423,TACTGATAGCATGGGACGTT,233314
1176,LbarID_1176,Afy16K_ID5425,TAGAAGGTGCGGATCACTAT,431314
1177,LbarID_1177,Afy16K_ID5426,TAGAATAGTGGGTAGTCCCT,324243
1178,LbarID_1178,Afy16K_ID5430,TAGATGTCAGGAGATGCTCT,424112
1179,LbarID_1179,Afy16K_ID5435,TAGGCAGACTATGGTAGCAT,411114
1180,LbarID_1180,Afy16K_ID5442,TATCAGTGACGGCGGATTAT,222431
1181,LbarID_1181,Afy16K_ID5443,TATCATAGATGCGGACGGAT,121122
1182,LbarID_1182,Afy16K_ID5448,TATGGTCTAGGAGGTCATCT,112323
1183,LbarID_1183,Afy16K_ID5449,TATTATGGACGCGGTCAGAT,113113
1184,LbarID_1184,Afy16K_ID5450,TATTCTGGACTAGGTGCAGT,432234
1185,LbarID_1185,Afy16K_ID5462,TCATACTCATGTGCAGCTCT,434113
1186,LbarID_1186,Afy16K_ID5471,TCCCTGATAGACTTTGACGT,423234
1187,LbarID_1187,Afy16K_ID5479,TCGACGTGATGGGATTCTAT,122313
1188,LbarID_1188,Afy16K_ID5487,TCGGAGAGCGATTGATCTAT,144144
1189,LbarID_1189,Afy16K_ID5495,TCGGTTCGAGGATCTGATAT,133414
1190,LbarID_1190,Afy16K_ID5496,TCGTATATCCCATGCGATCT,131124
1191,LbarID_1191,Afy16K_ID5503,TCTATTTACGGGTGGAGACT,342122
1192,LbarID_1192,Afy16K_ID5509,TCTGAGATGATATAGGCGCT,122324
1193,LbarID_1193,Afy16K_ID5512,TGAGATTGACGTGTGCCTAT,421142
1194,LbarID_1194,Afy16K_ID5515,TGATATGTATGCCGAGCGAT,411242
1195,LbarID_1195,Afy16K_ID5523,TGCGAGGACTGTAGCTTAAT,242213
1196,LbarID_1196,Afy16K_ID5524,TGCGCGGAGATGTCTATATT,213343
1197,LbarID_1197,Afy16K_ID5528,TGCTGATTAGCGATGTAGCT,411444
1198,LbarID_1198,Afy16K_ID5531,TGGATGAGAGTCGTTCCTAT,443343
1199,LbarID_1199,Afy16K_ID5549,TGTGCTGACTTAGGTCGAAT,243122
1200,LbarID_1200,Afy16K_ID5557,TTACAGTAGTCTGCATCCCT,221112
1201,LbarID_1201,Afy16K_ID5561,TTAGGTGGATAGCTCGTCAT,314442
1202,LbarID_1202,Afy16K_ID5562,TTATTACGGGCTGCGAGTAT,111222
1203,LbarID_1203,Afy16K_ID5566,TTCGCAGTATGGATCGGTAT,342133
1204,LbarID_1204,Afy16K_ID5589,AGATCCTGAAATCGCTGACA,442112
1205,LbarID_1205,Afy16K_ID5594,AGCTCAGGAAATTCTAGCGA,112314
1206,LbarID_1206,Afy16K_ID5599,AGGTCTTCAACATGAGGACA,123343
1207,LbarID_1207,Afy16K_ID5604,AGTCCCTGAACATCCTTAGA,333142
1208,LbarID_1208,Afy16K_ID5614,ATCCAGGGAACCTTACTACA,442442
1209,LbarID_1209,Afy16K_ID5628,ATGCCTATAACCTTCCGAGA,314332
1210,LbarID_1210,Afy16K_ID5636,ATGGTGTGAACCTTCTCAGA,421333
1211,LbarID_1211,Afy16K_ID5640,ATTATCTCAACGGAGGAGCA,223232
1212,LbarID_1212,Afy16K_ID5646,CAACCTGGTGGAACTACATA,414324
1213,LbarID_1213,Afy16K_ID5648,CACTCTTGAAGCTAAGCACA,112424
1214,LbarID_1214,Afy16K_ID5655,CAGGGATGAAGAGTTCTACA,231242
1215,LbarID_1215,Afy16K_ID5656,CAGGGTTCAAGAGTGATACA,424222
1216,LbarID_1216,Afy16K_ID5658,CAGTGATCCCAATACATCGA,122423
1217,LbarID_1217,Afy16K_ID5660,CAGTGTCTAAGCATCAGGAA,332143
1218,LbarID_1218,Afy16K_ID5661,CATCCGCTAAGATCGGTTAA,314143
1219,LbarID_1219,Afy16K_ID5663,CATCGCCAACTCTGTAGAAA,423221
1220,LbarID_1220,Afy16K_ID5668,CATTCGTCAAGCACTTCAGA,144324
1221,LbarID_1221,Afy16K_ID5669,CATTCTTGAAGGACAGACGA,444443
1222,LbarID_1222,Afy16K_ID5671,CCAACGTGATCTAAGCCTAA,112134
1223,LbarID_1223,Afy16K_ID5676,CCAGTAACTTGCACTAAGGA,134143
1224,LbarID_1224,Afy16K_ID5678,CCAGTGGTAATAATCCGACA,312114
